NPA,m50_2013,r50_2013,m52_2016,r52_2016,m52_2015,r52_2015,m52_2013,r52_2013,m48_2018,r48_2018,m48_2017,r48_2017,m48_2016,r48_2016,m48_2015,r48_2015,m48_2014,r48_2014,m48_2012,r48_2012,m48_2010,r48_2010,m72_2018,r72_2018,m72_2017,r72_2017,r73_2015,r73_2014
NPA,Arts_Participation_2013,Arts_Participating_Households_2013,311_Requests_2016,311_Calls_2016,311_Requests_2015,311_Calls_2015,311_Requests_2013,311_Calls_2013,Voter_Participation_2018,Voters_Participating_2018,Voter_Participation_2017,Voters_Participating_2017,Voter_Participation_2016,Voters_Participating_2016,Voter_Participation_2015,Voters_Participating_2015,Voter_Participation_2014,Voters_Participating_2014,Voter_Participation_2012,Voters_Participating_2012,Voter_Participation_2010,Voters_Participating_2010,Board_Committee_Participation_2018,Board_Committee_Participants_2018,Board_Committee_Participation_2017,Board_Committee_Participants_2017,Neighborhood_Organizations_2015,Neighborhood_Organizations_2014
2,15,157,31.6,707,32,708,33.4,723,66,811,24,383,76,1063,23,270,54,603,77,1029,42,496,0,0,0,0,2,2
3,36,1599,26.1,2087,24.8,1965,29.5,2300,67,3991,25,1736,76,5386,24,1354,53,2787,81,4425,47,2172,2,17,2,18,7,7
4,54,211,34,367,24.4,263,28.1,299,78,632,43,381,86,695,42,306,69,505,88,687,66,485,4,4,4,4,2,1
5,0,1,62.5,494,65.2,486,57.4,438,42,141,8,41,51,247,5,20,29,120,68,269,23,79,0,0,0,0,2,2
6,1,9,69.7,1291,72.2,1245,72.5,1286,47,452,11,158,55,710,10,107,35,380,68,795,28,280,0,0,0,0,1,1
7,72,299,22.7,297,18.4,241,23.2,300,74,694,41,424,85,820,43,399,68,611,87,826,63,565,2,3,3,4,1,1
8,21,176,27.5,511,28.1,519,36.9,559,73,691,32,363,79,989,26,257,58,583,80,816,46,455,0,0,1,1,4,3
9,30,83,40.2,249,34.3,208,38.8,226,72,280,27,138,76,325,26,87,56,175,77,265,33,111,2,1,0,0,0,0
10,7,105,48.7,1842,47.5,1774,57.1,2033,58,1070,18,471,70,1510,17,286,46,750,69,1419,34,618,1,3,1,4,2,2
11,46,539,33.1,875,30.4,797,28.5,731,77,1457,39,821,88,1649,33,539,68,1052,88,1498,55,890,1,4,2,5,2,2
12,3,31,11.6,315,10.9,291,9.5,251,45,437,7,102,62,776,8,73,34,304,71,715,28,235,0,0,0,0,0,0
13,9,151,24.7,888,22.1,790,24.6,874,59,970,18,393,72,1267,16,222,48,621,77,1114,33,448,0,1,0,1,1,1
14,10,151,23.8,901,23,871,19,712,62,1146,17,396,71,1502,14,259,49,816,79,1496,41,697,1,5,1,4,5,5
15,30,235,44.4,957,37.2,797,39.7,820,74,1070,33,558,83,1294,32,456,63,862,81,1227,57,821,1,2,3,6,4,4
16,7,145,34.5,1642,31.7,1505,34,1581,57,1316,19,579,71,1859,16,370,49,1052,77,1893,42,930,0,0,0,0,3,3
17,4,45,38,1284,35.9,1215,36.7,1233,64,1051,22,481,66,1458,19,374,51,1018,77,1563,47,865,1,3,1,3,3,3
18,33,516,27.5,923,20.8,714,25,807,70,1436,33,793,78,1851,30,608,57,1049,84,1655,48,867,1,4,1,3,4,4
19,27,463,41.5,1519,40.4,1475,38,1365,76,2002,34,1047,84,2319,31,785,64,1548,83,2274,54,1425,1,3,1,2,8,7
20,16,232,26.4,831,22.6,712,22.6,712,70,1341,26,603,82,1670,23,413,59,1009,84,1616,48,907,0,1,0,1,2,2
21,3,30,22.6,679,21.9,654,25,722,52,580,10,150,64,784,11,107,42,375,72,739,31,238,0,0,0,0,4,4
22,15,68,37.9,373,41,394,37.4,335,55,372,12,114,71,563,9,45,41,179,68,374,31,130,0,0,0,0,2,2
23,8,40,39,434,36.4,405,34.5,373,54,335,16,134,65,517,14,93,45,287,80,525,38,197,0,0,0,0,1,1
24,14,64,37.6,423,37.8,427,31.7,381,68,324,23,142,83,416,28,116,58,230,71,375,37,190,1,1,1,1,1,1
25,27,297,34.6,1029,32.7,968,34,1007,72,1478,30,724,82,1730,28,526,61,1124,81,1673,51,991,0,1,0,1,2,2
26,14,153,0.7,22,0.8,26,0.9,28,66,1233,10,226,75,1618,6,115,49,932,82,1551,49,892,1,2,1,2,1,1
27,8,78,19.8,538,17.4,472,17.4,472,58,638,15,202,75,921,12,139,48,540,77,994,38,426,0,1,0,0,0,0
28,42,220,28.8,338,29.7,356,26.5,311,75,649,39,359,87,724,38,287,66,474,88,656,58,382,2,3,4,5,2,2
29,21,117,42.9,531,33.9,419,34.9,433,75,662,30,334,83,783,28,236,60,492,81,761,53,478,2,2,2,2,2,2
30,1,4,11,265,9.6,200,18.2,225,44,435,6,92,61,837,7,65,42,350,78,562,29,134,0,1,0,1,1,0
31,44,289,40.5,678,37.2,620,39,644,80,1015,44,643,87,1137,36,439,67,777,86,1087,62,751,2,4,3,5,1,2
32,10,23,44.2,149,42.4,143,49,165,71,150,21,56,78,182,19,37,60,113,75,180,39,88,0,0,0,0,0,0
33,4,25,2.8,38,3.9,52,6.9,91,50,159,11,45,65,236,9,29,42,120,80,340,32,109,0,0,1,1,1,1
34,2,19,40.9,907,40.9,891,42.9,900,57,768,16,249,69,779,13,121,46,418,73,785,35,317,0,1,0,1,2,2
35,11,73,2.8,59,4.2,80,2.5,42,64,1019,8,143,76,1177,4,47,48,544,72,799,38,338,1,2,1,2,4,4
36,20,210,49.9,1427,42.5,1213,49.6,1194,71,1286,28,612,75,1516,23,407,54,906,78,1301,48,771,0,1,0,1,3,3
37,7,46,57.6,1069,53.2,983,59,1055,57,651,17,257,62,831,14,162,39,438,75,864,32,327,1,1,1,1,3,3
38,23,197,29.5,708,26.8,643,25.7,617,68,1053,26,471,83,1317,22,320,57,772,81,1241,49,686,0,0,0,0,4,4
39,11,97,34.7,995,30.7,859,30.2,821,64,948,20,362,72,1248,17,263,48,731,81,1224,49,625,0,0,0,0,1,1
40,4,49,29.9,956,25.7,814,26.1,816,55,743,13,251,60,1030,11,156,41,579,76,1078,39,428,0,1,0,1,2,1
41,10,81,39,612,34,533,36.6,574,65,583,20,235,77,767,19,155,48,371,77,696,41,356,0,0,0,0,1,1
42,22,288,22.8,579,16.6,418,20.1,500,76,1198,32,604,83,1442,29,464,61,923,85,1393,55,845,1,2,1,2,4,3
43,26,163,33.5,525,32.4,507,32.1,486,76,736,39,434,85,848,33,292,65,556,83,781,61,532,1,1,1,1,1,0
44,28,121,13,120,14.1,127,12.4,109,68,370,27,174,81,462,28,146,56,259,82,407,53,233,1,1,1,1,1,1
45,17,180,21.1,727,23.6,781,18.4,570,61,1849,17,570,78,1836,13,219,51,792,81,1320,43,555,1,5,1,5,1,0
46,4,43,22.6,560,21.5,532,22.4,554,54,633,13,208,66,968,12,143,39,455,74,910,37,388,0,0,0,0,1,1
47,20,127,3.7,43,3.2,38,3.2,37,67,400,23,164,77,497,20,120,61,322,88,512,54,228,0,0,0,0,0,0
48,4,22,6.1,111,3.8,69,3,54,55,446,9,95,69,653,5,42,45,354,70,667,41,327,0,0,0,0,2,2
49,7,64,15.6,416,16.1,422,15.7,404,59,836,15,261,77,1180,9,118,52,621,78,1058,43,525,0,1,0,1,0,0
50,4,36,21.9,673,20.6,633,18.6,560,55,458,14,172,65,635,13,114,46,392,70,728,36,332,0,0,0,0,1,0
51,31,216,37.3,544,38.1,527,36.2,495,63,778,20,307,73,994,18,200,45,454,79,838,42,351,2,4,3,4,2,2
52,3,25,29.6,431,30.3,442,17.6,415,48,297,9,83,60,383,6,30,31,136,75,476,27,130,0,0,0,0,0,0
53,2,20,29.4,1032,30.9,1078,35,1042,49,630,13,226,65,904,17,198,47,522,70,999,37,458,0,0,0,0,2,3
54,2,10,43.8,779,39.2,695,43.7,770,48,231,10,75,65,370,11,51,35,153,65,396,30,157,0,0,0,0,1,1
55,21,166,42.7,866,42.8,865,39.7,794,72,980,33,533,84,1170,30,377,61,734,83,1103,56,682,0,1,1,2,3,3
56,16,56,40.1,311,35,271,33.7,258,65,300,21,124,79,400,21,92,53,223,81,374,46,202,0,0,0,0,1,1
57,1,9,16.4,268,17.9,288,23.4,373,49,253,12,84,62,336,13,61,41,180,73,347,26,113,0,0,0,0,1,1
58,5,22,20.8,316,20.6,310,22.7,345,60,251,23,120,70,452,18,99,46,239,75,462,40,229,0,0,0,0,1,1
59,3,34,18.1,465,17,427,17.3,411,50,587,13,200,68,885,16,162,49,483,77,866,38,431,0,0,0,0,2,2
60,4,39,6,262,7,247,8.1,260,38,522,2,48,53,1106,1,19,18,249,58,700,15,113,0,0,0,0,0,0
61,8,33,27.2,327,27.5,330,28.8,345,50,296,12,103,57,402,11,74,32,224,66,436,34,199,0,0,0,0,0,0
62,,,0.1,3,0.1,4,0,1,32,645,1,29,62,1789,1,14,14,271,76,1030,8,34,0,1,0,1,1,1
64,5,107,14,632,14.3,640,15,649,50,966,9,252,66,1534,7,124,34,542,68,1234,28,421,0,1,0,0,0,0
65,6,55,5.3,90,3.3,72,1.6,29,48,312,8,76,62,485,4,26,31,184,72,486,26,126,1,2,1,2,0,0
66,8,98,5.7,156,4.4,121,5.6,144,52,474,12,150,62,660,9,77,37,287,73,642,31,248,0,1,0,1,2,2
67,2,5,2.7,32,1.8,21,5.5,31,57,207,8,38,73,309,5,15,39,102,80,177,36,51,0,0,0,0,0,0
68,9,106,23,569,24.2,600,25.8,639,58,831,15,304,70,1128,13,170,46,546,69,1030,35,500,0,0,0,0,0,0
69,32,237,19.8,253,19.3,216,18.9,275,73,690,38,377,85,710,42,324,67,468,86,656,58,418,0,0,0,0,1,1
70,3,15,72.8,937,63.3,808,68.6,863,51,592,21,301,71,779,25,252,56,555,77,912,48,506,2,3,2,2,3,3
71,2,29,14.7,615,14,583,11.9,489,48,398,11,146,62,672,8,74,39,325,75,743,32,228,0,0,0,0,0,0
72,11,62,6.7,178,8.5,235,13.6,177,57,853,14,250,76,1048,11,115,50,490,78,806,43,335,0,0,0,0,2,1
73,6,65,22.6,665,21.8,621,23.6,655,61,1065,15,309,70,1374,11,186,46,749,75,1233,45,659,0,1,1,2,4,5
74,14,101,38.3,436,41.4,472,36.2,404,69,534,23,215,81,658,19,130,55,356,82,616,43,305,1,1,3,3,1,1
75,26,180,8.9,184,6.3,129,7.1,126,63,755,19,268,79,924,16,157,54,517,84,874,45,411,0,1,0,1,0,0
76,15,130,10.3,345,11.3,361,15,370,62,1197,15,366,79,1630,10,163,53,784,77,1116,47,531,0,0,0,0,2,1
77,8,167,11.8,707,10.8,645,12,665,56,1526,11,410,70,2103,7,157,44,895,76,1754,38,652,1,3,1,3,2,2
78,10,91,22.6,468,19.8,406,24.8,485,61,749,18,274,75,946,14,147,51,478,77,830,44,394,0,0,0,0,0,0
79,0,1,8.8,154,7.3,126,5.7,131,34,61,3,10,47,122,4,9,23,46,59,174,15,33,0,0,0,0,0,0
80,5,59,5,109,4,87,4.3,95,50,453,9,110,65,685,7,58,36,272,79,694,39,241,0,1,1,2,2,2
81,15,70,20.8,244,20,235,21.5,253,71,510,25,226,78,619,17,116,56,349,82,552,51,320,0,0,0,0,3,3
82,9,83,12.3,389,16.3,411,10.7,271,61,855,17,306,72,1093,12,148,48,493,76,858,43,385,1,2,1,2,1,1
83,9,26,4.8,41,4.7,40,2.9,25,41,101,6,23,73,431,6,31,50,231,72,405,46,234,0,0,0,0,2,2
84,4,10,3,19,7.3,51,1.2,9,64,79,7,12,72,194,6,14,47,106,70,236,40,137,0,0,0,0,0,0
85,1,6,55.9,1113,62.9,1245,62.7,1231,35,451,12,193,64,769,12,132,39,418,74,891,36,386,1,1,1,1,2,2
86,2,21,14,441,12.4,387,12.9,373,51,405,8,95,58,570,7,48,34,223,73,467,25,109,0,1,0,1,1,1
87,12,80,26.3,436,22.4,371,23.6,393,63,412,20,175,73,532,24,141,54,315,72,500,41,276,2,4,2,3,1,1
88,1,3,80.1,972,66.8,810,66.4,849,52,333,11,105,66,507,11,75,44,282,72,549,33,217,0,0,0,0,2,2
89,6,34,43.3,662,39.5,605,43.2,649,59,428,18,172,74,606,17,123,52,370,74,625,44,357,1,1,1,1,1,1
90,4,36,22.8,456,26.8,536,24.5,483,61,445,21,217,68,554,21,134,48,285,69,507,39,245,0,0,1,1,1,2
91,6,51,37.4,901,33.1,798,32.1,761,58,658,16,241,73,880,17,186,52,527,75,922,45,474,1,2,0,1,1,1
92,12,123,4.4,106,3.2,76,4,76,57,736,10,178,68,990,7,74,40,352,80,696,35,202,0,1,0,1,1,0
93,5,33,6,82,7.2,98,5.8,79,42,193,4,33,63,395,3,16,27,116,64,341,24,96,2,3,2,3,0,0
94,5,18,55.1,607,53.9,592,58.4,636,50,328,18,150,75,542,19,124,54,348,74,598,42,304,1,1,0,0,2,3
95,7,49,22,368,18.7,313,19.3,323,58,416,13,132,69,565,15,102,48,309,67,567,34,270,1,1,1,2,0,0
96,6,90,15.9,703,16.6,709,18.8,642,58,1211,13,364,73,1608,10,178,47,737,75,1298,36,528,0,1,0,2,1,1
97,10,151,24.5,930,21.4,813,21.4,810,63,1299,18,469,75,1691,15,271,51,878,78,1581,45,848,1,3,1,2,3,4
98,8,71,29.3,825,20.8,570,17.5,463,61,1039,17,335,69,1195,11,164,44,613,80,1071,43,471,0,0,0,0,1,1
99,21,129,57.6,884,53,812,50.9,783,70,713,29,371,76,816,29,275,57,512,75,821,46,474,1,1,1,1,5,4
100,4,27,53.2,923,48.6,838,51,851,61,571,21,265,65,792,18,202,48,526,78,888,48,473,1,2,1,2,1,1
101,0,3,5.6,131,4.9,115,6.6,150,46,224,14,95,65,346,12,52,38,155,74,332,25,93,0,1,0,1,1,1
102,4,18,28.9,427,27.2,401,27.1,391,55,313,14,105,62,445,13,84,45,263,75,451,39,206,0,0,0,0,0,0
103,1,3,23,362,18.8,295,20.1,304,48,320,11,86,61,347,8,37,41,180,76,374,32,123,0,0,0,0,0,0
105,26,124,10.8,184,10.6,145,13.4,138,60,777,16,229,78,1038,15,141,49,376,83,546,45,214,1,2,1,1,1,1
106,3,22,9.5,154,11.6,188,15.8,249,42,147,6,35,54,258,6,21,30,97,62,229,23,66,0,0,0,0,0,0
107,5,49,6.6,93,3.2,72,4,88,49,445,8,99,60,598,9,73,41,312,78,650,30,227,0,0,0,0,0,0
108,10,52,23.5,337,20.4,293,20.4,292,66,542,17,183,76,681,12,94,52,394,76,663,45,369,0,0,0,0,,1
109,28,239,10.7,274,10.3,253,15.4,354,67,377,18,118,81,1245,20,272,62,792,83,1126,51,635,0,0,1,2,3,3
110,10,77,12.8,237,15,276,12.7,236,69,614,18,199,79,852,15,138,60,532,80,842,50,483,0,0,0,0,2,3
111,7,77,21.1,632,24.5,781,21.4,617,58,1208,16,364,73,1320,12,170,47,600,77,944,41,389,1,2,0,1,0,0
112,6,33,7,108,7.3,107,8.6,119,64,633,13,159,79,820,6,47,56,405,82,637,48,325,0,0,0,0,0,0
113,7,95,36.8,1501,36.3,1456,37.1,1398,61,1516,18,535,77,1895,13,255,51,977,80,1644,40,723,0,2,0,1,0,0
114,2,6,24.4,312,22.5,281,26.3,318,40,138,8,43,56,250,7,23,33,97,70,226,26,58,0,0,0,0,1,1
115,24,361,16.8,828,17.4,843,29.3,1158,66,2005,23,815,79,2445,18,475,53,1280,85,2111,47,924,1,3,1,3,2,1
116,5,58,15.5,600,13.7,516,14.4,506,58,1025,25,508,73,1190,13,151,49,524,73,938,34,338,0,1,0,1,,1
117,6,82,31.1,1261,31.4,1251,30.9,1164,56,1379,14,424,73,1708,10,193,48,854,79,1516,39,620,0,1,0,0,2,2
118,26,106,31.1,391,28,346,32.8,395,77,637,28,270,84,728,22,175,64,476,83,679,53,426,2,3,2,3,,1
119,5,21,39.1,532,39.4,533,47.5,637,60,401,19,167,74,523,18,107,54,314,72,510,45,290,0,0,0,0,3,3
120,2,9,36.2,532,30.1,454,29.5,436,49,394,14,149,67,616,10,84,44,343,76,664,39,282,0,0,0,0,2,2
121,7,59,34.6,789,36.4,829,35.5,801,52,512,14,192,68,784,13,124,46,416,74,834,35,346,0,1,0,0,2,2
122,,,,,,,,,,,,,,,,,,,,,,,,,,,0,0
123,5,55,41.2,1046,35.3,892,34.7,879,67,1123,32,666,77,1441,33,569,63,1065,84,1555,54,973,1,3,1,3,6,3
124,3,23,56.2,1150,48.7,1008,47,956,49,507,14,198,59,801,12,137,42,482,78,891,41,373,0,0,0,0,3,3
125,4,41,38.6,1146,37.1,1091,39.2,1114,55,880,15,308,66,1292,10,178,41,662,80,1274,41,558,0,1,0,1,2,2
126,3,5,23.4,146,34.9,188,46.9,168,64,395,19,128,80,400,15,43,49,126,85,153,55,44,4,4,3,2,0,0
127,3,32,18.2,436,16.4,389,16.2,383,47,413,13,162,61,733,14,129,45,405,78,817,37,349,0,0,0,0,3,3
128,2,15,33.4,974,30.5,879,31.1,888,48,312,11,101,53,582,8,78,34,319,65,685,31,235,0,0,0,0,2,1
129,33,282,36.6,815,36.2,807,35.8,781,76,1170,34,595,85,1361,28,410,67,967,86,1381,55,865,0,1,1,2,1,1
130,21,157,2.3,41,2.6,47,1.1,19,68,967,14,231,81,1068,6,61,58,600,75,937,49,576,1,1,1,1,3,3
131,11,81,31,668,29.1,619,36.3,714,60,663,17,239,77,902,13,128,50,473,72,826,34,362,0,1,0,0,1,1
132,19,51,46.7,246,56,296,60.8,313,73,240,28,117,69,263,22,71,50,158,75,274,40,135,0,0,0,0,1,0
133,28,174,27.5,299,23.1,249,30.6,327,73,503,28,236,83,599,27,174,59,361,81,574,44,299,0,0,0,0,2,2
134,3,14,21,265,19.3,242,23.8,290,57,291,13,94,71,416,14,64,49,205,75,363,39,163,0,0,0,0,0,0
135,2,11,11.2,142,7.9,102,8.3,105,44,216,7,51,59,352,8,39,39,176,77,378,29,132,0,0,0,0,0,0
136,18,142,23.9,509,23.2,486,24.5,498,62,852,19,311,78,1101,14,165,56,611,83,998,48,512,0,0,0,0,1,1
137,5,24,37.6,647,40.9,703,40.9,694,54,440,13,141,71,654,10,77,46,320,76,602,39,252,0,0,1,1,1,1
138,2,5,55.7,428,50.6,387,52.9,405,55,172,14,65,67,249,15,47,46,133,70,245,33,96,1,1,1,1,1,1
139,4,26,40.6,679,37.8,629,39.8,666,58,504,16,184,69,674,14,120,50,406,81,742,41,344,0,0,0,0,1,1
140,5,43,41.2,1214,37.4,1104,41.4,1111,62,859,22,396,74,1197,20,274,55,712,78,1169,49,652,0,1,0,1,1,1
141,1,3,43.9,424,41.5,399,53,525,46,166,10,52,69,290,12,40,42,132,68,268,30,104,0,0,0,0,0,0
142,7,82,30.8,821,31.4,828,29.5,763,57,743,16,284,62,1013,13,182,40,529,77,1062,38,452,0,0,0,0,3,3
143,36,218,44.4,601,42.7,581,45.7,619,76,803,40,484,86,925,40,389,65,632,86,923,62,620,0,0,0,0,2,2
144,3,29,13.7,293,12.1,255,11.2,228,44,467,9,123,65,752,7,60,42,327,78,695,30,243,0,0,0,0,,0
145,7,41,8.5,145,10.6,180,10.7,178,53,430,10,108,73,623,9,67,51,344,70,622,33,279,0,0,0,0,,1
146,9,55,37,697,32.7,610,31.3,569,63,660,22,290,76,842,21,196,56,492,75,774,45,416,0,0,1,1,4,4
147,5,50,36.2,846,32.7,756,29.5,660,54,657,15,252,72,971,14,155,48,497,71,914,38,442,0,0,0,0,5,5
148,27,253,24.4,601,24.8,610,22.9,563,72,1178,29,561,81,1349,26,392,60,885,82,1339,53,775,1,3,2,4,6,7
149,18,69,6.9,63,6.5,59,17.3,132,70,420,23,160,81,488,21,108,55,268,84,403,47,184,0,0,0,0,0,0
150,3,22,36.5,676,36.7,677,37.8,692,59,542,16,200,66,769,12,121,45,426,77,761,42,382,0,0,0,0,3,3
151,25,281,23.4,813,19.2,666,20.8,713,64,1347,20,508,80,1717,19,338,51,848,84,1509,43,661,1,2,0,1,2,2
152,7,20,37.8,305,39.7,321,33.5,274,61,270,17,101,65,338,12,57,41,184,72,326,40,162,0,0,0,0,1,1
153,18,224,25.5,996,24.2,947,23.8,930,65,1489,24,654,73,1820,17,395,48,1066,82,1772,44,837,0,1,0,1,4,4
154,14,161,20.3,609,20.5,616,22.4,673,66,991,25,471,77,1269,19,269,55,756,79,1327,44,667,1,2,0,1,2,4
155,7,70,32.8,938,33,911,31.8,857,54,941,14,298,68,1361,9,146,40,584,72,1025,36,471,0,0,0,0,1,1
156,8,89,28.1,1030,24.7,872,23.5,774,59,1192,15,392,73,1546,11,191,54,873,77,1384,40,604,0,1,0,0,1,1
157,3,11,29.3,383,25.8,315,23.2,403,33,242,6,66,41,357,5,32,27,162,64,506,28,166,2,3,1,1,3,2
158,3,43,36.6,1341,35.7,1304,33.6,1209,57,1134,15,394,71,1638,13,263,49,939,79,1732,41,766,0,1,0,1,3,2
159,2,6,48,534,50.7,551,59.3,614,47,242,10,77,62,394,8,41,40,189,74,395,35,148,0,0,0,0,2,2
160,3,28,48.8,1418,47.3,1372,46.8,1342,59,919,18,379,69,1237,18,272,52,801,76,1369,42,675,0,0,0,0,1,2
161,9,96,9.2,248,7.6,202,5.7,149,55,580,14,192,66,886,10,110,42,387,80,840,36,316,0,1,0,1,0,0
162,6,39,36.5,711,31.2,606,36.4,695,63,550,19,224,71,754,17,167,52,474,81,786,46,434,1,1,1,1,1,1
163,32,152,49.1,438,39.6,357,35,301,66,556,28,277,80,724,26,168,55,338,79,458,44,264,0,0,0,0,4,2
164,4,74,24.7,1185,22,1029,20.5,987,51,538,14,224,61,785,15,158,43,419,67,807,32,342,0,1,0,1,5,4
165,1,9,16.2,398,16.6,409,15.9,385,44,309,8,89,59,535,7,52,34,260,74,544,27,182,1,2,1,2,0,0
166,3,16,16.4,207,15.9,202,17.5,218,51,283,12,90,68,458,12,66,42,227,77,473,37,199,0,0,0,0,1,1
167,4,13,17,137,19.7,159,20,159,45,159,11,54,60,230,14,44,44,135,77,265,36,104,0,0,0,0,0,0
168,4,26,33.8,545,33.2,528,36.5,573,59,434,19,194,70,584,20,148,53,388,75,659,45,377,1,1,1,1,2,1
169,21,159,8,190,8.1,178,8.8,186,59,813,16,269,76,1114,13,140,50,484,82,869,39,361,0,0,0,0,1,1
170,20,128,18.6,340,16.5,302,15.9,291,66,717,23,292,81,893,18,183,56,544,84,880,45,442,1,2,0,0,3,4
171,13,51,17.8,178,17.4,156,17.8,162,63,403,20,165,77,542,20,105,54,241,77,396,44,224,1,1,1,1,2,2
172,21,233,13.8,424,11.7,359,11.2,328,61,930,17,294,78,1157,12,153,46,556,84,1091,38,396,1,3,0,1,0,0
173,5,17,51.1,613,51.4,590,53,569,56,309,16,115,69,431,15,76,50,241,77,412,43,162,0,0,0,0,0,0
174,9,59,18.8,324,19.4,335,16.6,287,60,512,15,170,77,671,13,92,49,342,70,644,45,367,2,3,2,3,4,4
175,34,232,45,822,39.7,727,40.1,727,78,1053,35,557,85,1147,34,422,66,804,82,1110,57,735,1,2,1,2,3,3
176,23,263,27.2,824,26.3,798,26.3,798,71,1381,26,599,82,1656,21,395,56,985,82,1590,47,900,1,3,2,5,4,3
177,26,204,38,714,34.4,643,38,702,76,1023,35,585,82,1249,35,488,65,850,81,1201,56,813,0,0,0,0,5,5
178,8,78,9.3,255,7.1,173,9,190,54,611,13,166,71,612,8,52,42,207,69,436,31,160,0,0,0,0,0,0
179,40,267,45.4,726,38.3,620,38.4,619,79,955,42,579,87,1084,39,451,70,778,86,1075,64,743,2,3,1,2,8,7
180,5,24,36.4,548,35,506,41.5,539,52,353,14,123,72,499,16,89,50,252,72,443,38,214,0,0,0,0,2,2
181,26,314,29.5,849,28.9,827,28.2,788,73,1442,28,662,81,1676,26,468,61,1032,82,1526,55,923,1,3,1,3,1,1
182,7,18,65.4,515,53.7,418,52.8,411,61,290,19,128,68,394,19,98,51,269,73,447,40,217,0,0,0,0,2,2
183,4,12,27.1,234,25.1,218,27.2,231,56,198,17,84,68,284,18,60,53,168,76,287,42,144,0,0,0,0,1,1
184,34,226,38,521,33.8,462,44.7,599,75,762,33,382,84,915,26,238,59,508,88,843,42,385,5,7,6,8,0,0
185,3,40,4.2,128,5,151,3.8,111,45,347,5,57,53,465,5,33,33,205,78,540,23,157,0,0,0,0,0,0
186,6,49,36.7,918,36.8,909,38.5,932,61,678,18,244,69,927,13,160,47,545,76,919,40,455,0,1,0,1,1,1
187,28,115,15.4,155,21.2,213,19.8,199,65,406,19,159,77,544,20,122,54,316,79,518,46,293,0,0,0,0,3,3
188,17,123,16.3,282,12.2,209,16,270,63,661,16,205,75,790,14,121,46,367,78,712,37,310,2,3,2,3,2,2
189,12,56,6.9,71,2.8,29,4,41,51,216,12,66,61,299,10,41,43,142,80,275,32,110,0,0,0,0,0,0
190,2,9,50.5,530,50.3,526,56.1,581,50,203,8,52,65,357,7,30,44,185,72,374,34,149,0,0,0,0,1,1
191,12,112,24.1,569,24.4,575,23.6,552,63,825,18,312,75,1126,16,213,52,652,77,1106,40,542,0,1,0,1,6,5
192,9,78,31.4,811,25.5,610,21,463,66,672,17,230,77,1327,14,171,52,595,76,899,41,385,1,2,1,3,3,3
193,35,197,27.6,367,25,333,24.8,330,72,670,39,387,85,761,36,299,60,474,87,739,56,457,0,0,0,0,3,2
194,37,374,22.4,674,22.1,660,19.7,584,71,1190,27,518,80,1546,23,415,60,1012,84,1523,52,905,1,2,1,3,,2
195,14,117,17.4,363,15.8,329,16.9,353,58,906,16,297,77,1238,14,158,51,538,81,965,45,444,0,0,1,2,2,2
196,5,39,30,670,29.1,639,27.2,588,57,646,16,229,72,886,12,119,50,482,78,826,42,383,1,3,1,3,1,1
197,5,52,22.3,581,21.6,559,20.7,526,59,585,17,228,68,806,18,175,50,464,76,817,43,408,0,0,0,0,0,0
198,22,174,24.1,398,23.3,384,24.1,386,65,781,24,353,80,856,29,269,61,542,79,798,52,487,2,4,2,3,3,3
199,1,16,21.4,666,21,653,18.9,535,43,532,9,149,57,861,7,88,32,384,79,925,29,270,0,1,0,1,2,1
200,5,10,15.6,95,17.4,105,10.2,58,43,170,7,42,64,275,6,16,31,77,60,196,24,41,1,1,2,2,0,0
201,30,349,21.8,634,19.4,568,18.5,537,72,1463,30,698,83,1699,27,480,60,1048,86,1619,52,932,0,1,0,1,2,2
202,4,28,27.8,657,24.3,569,27,613,55,431,12,140,63,579,14,112,42,313,73,626,34,261,0,0,0,0,2,2
203,11,71,29.5,569,24.9,466,21.7,394,62,762,20,291,78,894,14,128,53,445,76,703,47,399,0,1,1,1,1,1
204,22,139,24.3,338,18.4,255,14.8,205,66,609,21,228,79,756,18,141,53,403,86,707,47,292,0,0,0,0,0,0
205,46,141,26.9,258,31.1,293,28.5,267,80,565,37,292,79,592,33,231,59,402,83,553,63,400,0,0,0,0,2,2
206,20,113,16.1,218,18.9,255,16.3,220,71,461,27,203,77,556,20,140,52,334,87,584,52,306,0,0,0,0,0,0
207,7,86,3.9,100,3.2,83,5,106,50,732,8,160,72,1120,6,64,41,340,84,668,30,140,1,3,1,2,0,0
208,56,393,31.9,616,26.5,511,28.5,587,78,1179,45,722,86,1274,43,589,69,919,88,1206,64,810,1,3,1,3,3,3
209,9,98,18.9,764,24.6,787,27.8,813,59,1266,15,402,77,1766,12,210,52,836,80,1329,43,621,1,3,1,3,1,1
210,21,262,7.9,176,8.9,167,9,167,67,829,20,312,76,824,23,192,57,405,81,846,48,381,0,1,0,1,2,1
211,8,69,38,987,36.9,938,31.4,790,62,867,19,330,76,1103,16,199,55,674,79,1131,46,610,1,3,1,3,0,0
212,7,32,40.8,571,31.2,434,29.8,409,59,292,19,144,67,413,22,115,55,273,71,452,47,261,0,0,0,0,1,1
213,35,216,28.7,440,30.5,485,30.8,487,77,798,41,498,81,858,31,321,62,615,83,923,56,598,2,3,2,3,7,4
215,48,154,42.9,375,38.8,338,34.5,294,79,555,48,380,87,562,45,274,70,451,87,532,65,380,1,1,2,2,2,2
216,37,132,30.5,251,29.2,238,28.7,232,78,272,38,153,81,453,30,151,59,275,82,446,56,273,1,1,3,2,7,6
217,44,213,39.7,517,33.8,437,36.2,458,80,745,37,387,81,838,33,322,57,535,86,821,59,533,1,1,1,1,2,1
218,13,157,36.4,853,29,775,29.4,782,68,1144,24,495,80,1438,22,344,60,901,80,1406,48,799,0,0,1,2,4,3
219,7,56,14.9,366,15.9,305,18.2,345,48,483,6,90,54,783,4,42,22,223,58,564,22,172,0,0,0,1,2,2
220,5,32,20.7,369,19.4,343,22.9,401,56,466,13,141,73,658,13,98,50,369,70,654,40,358,0,0,0,0,,0
221,7,70,15.4,417,19.7,453,16.6,380,54,659,14,231,74,997,12,138,48,474,75,849,39,364,0,1,1,2,1,1
222,36,245,37.9,600,32,504,30.3,478,79,912,37,487,83,1028,29,336,61,686,85,998,56,619,1,2,1,1,4,3
223,4,28,49.6,945,41.8,806,45.6,868,59,537,18,223,61,752,16,187,45,506,73,869,46,464,0,0,0,0,3,3
224,16,176,22.1,520,22,519,22.7,535,68,928,23,398,78,1177,21,275,56,675,84,1071,53,582,0,1,1,2,1,1
225,7,35,1.7,23,0.4,5,0.9,12,51,227,7,39,65,467,4,24,42,232,77,439,42,197,0,0,0,0,0,0
226,15,71,26.3,229,27.7,241,29.3,253,64,333,19,129,77,433,19,87,56,242,77,386,42,184,0,0,0,0,2,2
227,7,55,29.1,738,23.5,598,21.1,527,62,801,21,316,73,1073,14,185,49,605,82,1040,50,573,0,1,0,1,2,2
228,7,13,1.5,8,1.7,9,0.7,4,62,256,10,42,71,253,3,10,42,127,79,232,44,115,0,0,0,0,1,1
229,8,48,50.5,1209,56.8,1220,44.1,785,43,328,11,116,69,1397,11,170,43,593,80,969,42,355,0,0,0,0,2,2
230,7,75,19.7,483,15.2,373,19.6,406,51,370,9,93,66,519,9,62,40,242,79,623,35,168,1,2,1,2,0,0
231,13,98,20.4,570,20,554,28.3,521,66,945,21,375,78,1167,16,197,55,618,78,889,45,462,0,0,0,0,3,3
232,11,105,37.4,968,37,946,30.7,778,61,979,16,294,77,1187,11,141,46,559,79,1070,43,498,0,0,0,0,1,0
233,18,203,22.3,569,16.7,427,16.9,432,67,1003,23,401,80,1230,24,299,55,688,83,1149,53,655,0,1,1,3,1,0
234,11,97,54,1424,46.1,1209,47.2,1203,61,955,25,505,66,1308,19,342,47,815,72,1236,43,689,1,3,2,4,6,6
235,30,268,35.7,733,33.1,683,36.6,748,74,1055,36,580,86,1267,33,434,65,814,84,1193,56,742,1,2,1,2,1,1
236,62,264,23.6,251,24.5,260,24.4,249,76,809,38,464,83,950,34,357,68,688,88,904,60,585,0,0,0,0,1,1
237,4,36,44.6,1255,42.2,1147,36.2,947,56,856,16,306,67,1157,13,185,41,573,74,995,40,459,0,0,0,0,0,0
238,3,28,45.8,1091,45,1072,42.5,1000,60,767,20,339,72,980,18,217,52,617,74,1070,41,552,0,1,1,2,6,4
240,12,101,43.7,720,38,623,40.9,666,64,586,22,255,75,723,19,157,50,374,77,702,42,362,1,2,1,2,2,2
241,51,371,33.7,645,30,574,29.6,561,79,1178,43,702,85,1332,34,508,64,917,86,1270,63,890,1,2,2,3,2,2
242,7,34,27.3,454,27.1,442,23.1,372,61,514,17,177,66,653,9,82,42,349,79,658,48,339,1,1,0,0,1,1
243,6,3,21.8,27,22.6,28,26.2,33,61,97,15,18,78,57,16,11,47,30,70,42,48,25,0,0,0,0,0,0
244,10,70,27.5,531,35.5,684,29.2,563,64,705,25,327,69,885,21,248,53,608,81,957,51,550,0,0,0,0,1,1
245,5,33,25.6,368,23.7,338,21.9,308,51,325,16,141,67,514,16,102,48,281,80,524,36,216,0,0,0,0,1,1
246,6,71,24.3,582,21.2,506,22,516,53,603,16,239,68,879,15,160,46,456,80,855,42,397,0,0,0,0,2,2
247,1,3,12.6,145,12.5,143,11.4,128,32,103,5,22,52,198,4,13,34,98,76,245,24,65,0,0,0,0,0,0
248,4,29,10.9,197,10.2,184,7.9,141,44,279,5,42,62,452,5,25,34,166,79,448,30,99,1,1,1,1,0,0
249,2,8,12.3,206,11.7,194,12.7,208,39,107,9,37,55,199,11,33,33,96,78,240,38,72,0,0,0,0,0,0
250,14,92,19.3,332,17.9,308,16.9,290,68,643,18,227,77,805,13,116,53,450,74,748,43,376,1,1,1,1,2,2
251,14,87,34.1,625,28.6,519,35.3,595,66,794,21,306,76,944,15,157,56,559,86,876,50,433,1,1,0,0,1,1
252,20,69,26.5,277,27.2,283,27.6,288,75,473,29,230,80,556,23,141,61,362,78,545,50,323,0,0,0,0,1,1
253,26,226,19.1,391,18.6,381,18,368,68,905,24,407,77,1127,21,268,57,684,82,1044,48,571,0,0,0,1,0,0
254,13,43,14.4,136,25.3,137,14.5,79,50,215,9,49,70,319,6,18,38,80,77,185,39,69,0,0,0,0,0,0
255,23,284,19.3,559,20.3,587,17.7,511,71,1351,28,621,83,1536,25,424,61,1004,87,1517,53,874,1,2,1,2,6,6
256,19,202,2.4,80,2.6,80,1.6,45,66,2314,20,734,82,2076,7,128,56,904,81,1324,53,771,1,6,2,6,1,1
257,17,219,9.5,340,11.1,401,10.7,344,57,1204,11,302,70,1522,10,160,46,684,78,1317,40,545,0,1,0,1,1,1
258,5,49,50.1,1566,41.5,1270,46.1,1338,59,956,18,390,72,1232,16,233,50,707,74,1201,41,594,0,0,0,0,2,1
259,7,68,34.2,853,26.5,660,28.5,706,59,767,17,280,68,1040,11,137,45,550,75,955,39,453,0,0,0,0,2,1
260,7,88,37.7,1421,34.8,1302,34.7,1292,65,1294,26,656,76,1664,24,472,58,1121,81,1800,51,1009,1,2,1,3,8,5
261,14,118,48.1,1130,47.5,1116,45.8,1075,70,933,25,423,80,1142,22,273,54,627,76,1076,44,594,0,0,0,1,1,1
262,26,318,28.5,918,25.4,817,26.7,860,75,1758,28,778,83,2002,27,589,63,1327,82,1946,53,1186,0,1,0,1,2,2
263,27,274,38.2,1019,39.8,1048,37,953,76,1396,34,711,80,1631,29,552,60,1110,84,1521,58,992,0,1,0,1,4,4
264,12,110,23.9,503,18.8,392,20.3,405,65,851,22,352,76,1093,14,167,55,605,81,969,44,449,1,2,0,0,2,2
265,17,92,33.4,500,34.5,516,32.2,482,68,649,26,320,77,844,24,231,55,498,76,733,48,463,0,0,0,0,4,2
266,10,109,26.4,758,19,544,14.8,425,63,1142,16,353,78,1471,12,193,53,778,79,1326,44,675,1,3,1,2,1,2
267,14,221,22,1014,21.9,1006,22.5,989,64,1881,17,604,78,2290,10,246,48,1055,78,1932,41,901,0,1,0,0,5,5
268,6,39,38.9,695,36.1,646,33.5,588,62,622,21,276,72,785,22,204,56,502,76,813,48,474,0,0,0,0,2,2
269,21,257,28.7,801,27.8,777,25.8,715,72,1227,30,572,77,1384,27,428,56,844,81,1319,48,769,1,3,1,3,1,1
270,2,9,8.2,114,9.7,134,5.9,81,42,191,6,40,57,328,5,20,31,117,78,346,33,98,1,1,1,2,0,0
271,5,20,51.8,631,54.1,653,54.7,639,65,477,25,241,67,648,20,177,51,442,80,705,49,390,1,1,3,4,6,6
272,4,35,5.3,77,5.3,77,5.3,77,47,269,7,54,62,437,7,42,39,187,75,364,27,94,0,0,0,0,0,0
273,11,78,16.5,309,12.9,242,13.1,234,59,676,15,205,74,842,9,82,51,427,82,731,40,315,0,0,0,0,1,1
274,7,36,5,53,4.5,47,4.3,45,54,235,11,57,68,291,8,23,48,117,83,300,21,78,0,0,0,0,0,0
275,17,148,16.1,341,17,359,15.7,331,66,832,24,379,79,1097,24,284,59,640,81,989,47,555,1,3,2,5,3,3
276,22,146,28.4,560,26.9,531,27.2,536,67,794,23,344,79,1004,18,199,56,585,82,976,48,511,0,0,1,1,1,1
277,15,84,17.6,353,21.2,382,26,397,66,1036,20,344,79,1105,15,157,56,541,80,750,46,363,0,1,0,0,1,1
278,7,56,12.9,207,11.7,188,9.1,145,54,428,10,109,71,642,8,56,41,263,81,588,27,173,1,1,1,2,0,0
279,11,99,2.3,35,1.7,26,0.8,12,60,474,13,137,73,667,12,89,48,322,78,631,35,259,0,0,0,0,0,0
280,5,18,48.2,617,41.8,533,43.9,550,46,271,9,75,68,447,10,55,40,215,66,431,31,170,0,0,0,0,0,0
281,9,45,12.8,137,7.6,81,8.9,95,58,319,15,111,72,432,9,44,47,208,74,392,36,180,0,0,0,0,0,0
282,6,28,39.1,578,35.2,511,32.3,453,61,477,18,178,71,624,13,104,50,373,77,620,44,309,0,0,0,0,0,0
283,7,76,38.3,1018,33.9,901,30.6,801,64,970,20,379,72,1256,15,227,49,695,77,1179,43,626,0,0,0,0,3,2
284,40,115,24.6,237,21.8,209,20.1,195,72,462,18,137,82,574,20,127,57,349,83,477,52,311,0,0,0,0,1,1
285,,,,,,,,,,,,,,,,,,,,,,,,,,,0,0
286,6,5,18.2,33,9,17,4.2,8,50,116,3,12,58,188,2,7,38,104,63,202,30,89,0,0,0,0,0,0
287,8,95,2.2,52,2,49,3.9,89,48,584,7,119,65,880,5,46,38,321,76,703,30,260,0,1,0,1,,0
288,19,185,9,204,7.2,161,8.3,183,72,1033,21,356,83,1233,17,219,64,819,82,1152,53,723,0,1,1,3,,3
289,13,171,29.6,1097,29.4,1077,28,1022,56,1295,16,465,74,1690,12,218,45,779,75,1527,42,745,1,2,1,3,1,0
290,8,18,48.1,467,44.4,436,78,415,49,163,13,69,62,236,15,52,46,156,66,283,32,125,2,1,1,1,0,0
291,2,15,10.9,301,9.7,267,10.7,284,41,288,8,81,58,483,7,43,37,224,70,526,27,156,0,0,0,0,0,0
292,1,4,44.8,504,40.5,460,37.9,444,40,190,7,48,61,354,6,29,41,175,73,356,24,101,0,0,0,0,0,1
293,3,8,73.5,648,72.3,594,64.3,543,50,237,12,83,61,394,10,53,38,205,72,404,31,137,0,0,1,1,2,2
294,1,4,50.3,506,45.8,460,43.4,430,52,284,14,110,61,400,13,70,43,226,78,442,34,167,0,0,0,0,1,1
295,3,14,36.7,523,31.9,454,29.7,424,57,383,15,139,69,565,14,102,50,346,75,616,40,277,1,1,0,0,1,1
296,12,58,25.2,418,22,345,19.4,263,68,468,23,188,84,969,21,182,63,496,80,577,53,374,1,2,1,2,2,2
297,48,70,40.4,182,38.9,175,26.3,116,79,267,42,159,90,303,38,121,70,222,89,304,63,191,0,0,0,0,1,1
298,7,54,3.3,50,4.2,63,5.2,78,47,146,9,35,61,406,4,20,35,160,78,397,27,122,0,0,1,1,,0
299,9,108,30.3,946,23.3,718,24.8,748,61,1043,14,333,72,1357,13,182,49,674,70,1191,35,523,1,2,0,1,2,2
300,5,27,1.4,15,0.4,4,1.8,19,0,0,0,0,67,392,8,36,48,192,78,324,31,127,0,0,0,0,,0
301,12,86,31.3,718,32.4,729,34.4,727,62,851,21,364,77,1142,18,213,58,634,75,964,44,511,1,2,1,2,3,3
302,22,253,25.4,763,24.9,745,21.9,646,70,1152,28,544,81,1431,24,392,57,860,84,1383,48,744,0,0,0,1,2,2
303,9,76,12.3,222,10.6,192,9.3,166,59,503,16,182,75,660,16,109,47,293,75,578,37,256,0,0,0,0,0,0
304,,,2.2,27,2.1,26,2.7,33,40,95,4,16,50,157,2,5,28,68,74,166,13,16,0,0,0,0,0,0
305,3,11,36.6,327,37.7,338,35.5,313,59,306,21,140,76,425,20,94,56,263,79,428,47,232,0,0,0,0,1,1
306,1,3,13.1,195,12.1,161,10.6,104,45,221,11,71,62,329,8,30,37,134,76,207,18,39,0,0,0,0,0,0
307,5,55,24.4,955,32.6,968,35.1,1035,61,1020,18,391,73,1363,15,230,53,751,76,1269,47,665,0,0,0,0,2,2
308,20,92,28.1,356,24,304,35.2,406,67,507,18,159,79,576,16,106,51,323,80,584,42,270,1,1,1,1,1,1
309,23,139,27,486,24.1,429,24,415,71,787,23,306,82,944,18,184,58,584,83,888,49,467,0,0,0,0,1,1
310,21,169,29.8,664,30.9,685,30.2,668,69,927,24,386,77,1063,17,213,52,637,82,1076,41,512,0,1,0,1,1,2
311,7,38,70.4,863,59.4,723,60.3,750,59,450,24,257,72,630,25,190,56,414,74,685,43,366,5,6,3,4,6,6
312,1,5,30.9,549,23,409,22.9,400,48,348,10,101,58,551,10,69,35,243,73,520,36,209,1,1,1,1,1,1
313,7,43,26,433,25.5,426,24.2,403,58,416,14,145,72,591,12,80,47,306,67,580,31,260,0,0,0,0,1,1
314,8,77,17.4,456,19.7,523,22.2,587,59,448,18,207,67,623,19,158,45,358,74,683,35,271,0,0,0,0,0,0
315,28,91,39.5,295,38.7,287,42.9,262,64,613,21,232,83,665,25,103,59,232,76,356,39,165,2,4,5,4,2,1
316,3,42,22.3,960,19.9,850,17.6,757,51,597,13,231,63,955,14,168,42,494,68,941,39,467,0,0,0,0,1,1
317,1,4,50.7,409,59.8,477,53.1,416,48,206,14,89,61,323,12,56,46,203,69,383,31,151,2,2,2,2,1,0
318,20,141,42.9,714,41.4,687,43.1,715,70,706,28,335,84,950,30,291,65,605,81,925,50,558,2,3,2,3,2,1
319,5,53,30.9,1018,31.5,1042,35.3,1093,60,921,17,367,74,1209,17,239,49,670,65,1215,35,615,0,0,0,0,2,2
320,38,174,37.3,373,28.8,307,39.4,424,76,547,39,322,87,638,30,196,60,391,86,610,52,345,2,2,2,2,1,1
321,2,10,56.9,679,51.4,609,59.1,679,49,323,12,119,60,501,12,89,41,284,76,572,33,201,0,0,0,0,3,3
322,7,28,31.3,386,31.3,378,40.9,469,59,368,19,156,72,503,19,111,54,303,73,511,44,286,1,1,0,0,0,0
323,6,48,35.8,934,28.5,741,34.4,843,59,690,17,280,64,1024,13,189,43,602,77,1108,43,569,0,1,0,1,0,0
324,23,133,18.6,311,16.9,281,17.9,296,72,820,30,413,82,1016,25,276,61,661,79,1004,52,609,1,1,1,1,2,2
325,8,91,31.8,886,28.5,786,32.1,863,60,955,23,427,69,1242,23,362,52,810,78,1211,52,765,1,3,2,5,8,7
326,2,8,46.2,444,50.7,486,52.6,493,51,279,14,113,62,421,14,78,44,233,72,476,29,179,0,0,0,0,1,1
327,3,16,30.2,516,25.5,435,27.6,465,51,345,10,98,59,533,9,69,37,288,77,627,38,236,0,0,0,0,1,1
328,8,30,40.4,443,30.9,339,37,404,63,377,23,181,69,450,21,112,57,302,71,481,44,279,0,0,0,0,2,2
329,8,59,31.1,640,29.5,608,26.3,540,66,721,20,288,68,893,15,178,49,553,80,932,44,461,0,1,0,1,0,0
330,8,61,43.1,964,44.4,953,42.9,908,54,593,18,260,75,865,16,163,53,493,77,840,41,404,2,4,1,2,2,1
331,5,32,27.9,451,16.6,269,16.3,262,51,503,12,145,67,561,14,71,49,268,81,489,46,213,0,0,0,0,2,2
332,8,47,28.9,537,30.8,545,35.3,576,63,632,17,224,75,857,14,137,51,466,79,791,42,334,0,0,0,0,2,2
333,5,45,44.9,1365,45.9,1359,41.8,1204,60,977,20,418,75,1293,18,266,54,767,75,1271,43,646,1,3,0,1,2,1
334,5,19,2,15,0.4,3,1,7,49,41,7,8,66,65,7,6,42,33,77,94,20,23,0,0,0,0,1,1
335,19,196,20.5,693,19.9,662,21.2,665,69,1481,23,554,82,1659,17,302,57,1005,84,1433,48,766,1,2,1,3,,2
336,10,171,15.8,790,15.6,764,11.6,537,59,1540,15,480,71,2077,11,263,43,1005,81,1817,45,769,0,2,0,2,2,1
337,22,157,27,535,24,466,22.4,433,67,797,22,315,80,1010,18,189,56,563,81,935,47,485,0,1,1,2,2,2
338,12,122,11.3,250,10.4,231,10.8,188,51,632,9,150,61,835,6,60,35,310,79,681,30,146,1,2,0,1,2,2
339,29,241,23.8,403,9.7,152,13.2,161,50,682,6,118,71,870,6,50,37,219,74,454,29,104,1,2,1,1,1,0
340,29,1101,8.1,562,7.7,521,7.7,505,54,1590,15,539,71,3171,15,488,45,1314,80,2332,35,947,1,10,2,13,4,3
341,22,359,7.4,331,7.3,319,10.3,417,57,537,15,190,74,1386,14,212,45,613,79,1634,40,490,1,4,0,2,3,2
342,49,170,13.3,82,15.4,97,11.9,62,60,262,19,106,76,332,13,41,46,116,84,196,41,71,8,5,8,5,1,2
343,27,237,40.6,665,40.7,659,42.7,737,71,861,28,427,80,959,24,220,57,497,77,771,42,340,1,3,2,3,2,2
344,23,153,32.7,545,30.8,505,36.3,540,66,684,19,263,74,881,13,116,46,362,72,698,31,240,1,2,2,3,0,0
345,5,17,41.3,387,42.1,393,42.5,394,62,306,22,134,78,421,24,115,54,243,78,411,47,225,0,0,0,0,2,2
346,2,20,39.9,1149,40.7,1161,40.9,1150,51,656,14,246,63,1031,11,151,43,573,76,1096,38,427,0,0,0,0,1,0
347,6,14,42.8,370,39.1,338,50.6,334,59,233,18,98,65,290,18,71,48,187,71,341,33,146,1,1,2,2,0,0
348,8,96,46,1475,39.7,1270,42.1,1333,66,1218,26,608,79,1596,22,396,59,1023,77,1575,50,980,0,1,1,2,3,3
349,24,184,15,306,13.3,269,16.2,325,73,580,35,361,75,665,30,291,57,507,79,840,52,473,1,1,1,1,0,0
350,29,214,31.3,497,25.6,404,29,452,74,762,38,468,85,916,35,353,65,621,84,856,58,561,0,0,0,0,1,1
351,29,117,31.5,381,30.4,365,34.9,381,74,580,30,273,82,639,28,199,58,394,83,565,51,320,2,2,2,2,2,2
352,16,187,6.9,173,8,201,5.8,146,65,758,19,273,72,967,17,206,48,535,84,974,43,433,0,1,0,1,0,0
353,30,295,44.4,1161,40.9,1067,42.9,1094,75,1378,36,753,85,1572,31,532,64,1070,82,1534,52,912,1,3,1,2,2,2
354,15,150,14.4,258,14.5,260,15.8,282,61,551,14,178,72,761,15,129,44,335,76,695,36,296,0,0,0,0,2,2
355,12,122,6.6,139,7.6,161,7.9,167,52,351,12,111,67,610,9,69,48,318,82,609,36,247,0,0,0,0,0,0
356,30,570,9.5,459,10.3,497,10.9,522,66,2118,21,792,79,2537,20,558,56,1476,82,2371,47,1250,1,3,1,3,5,5
357,24,326,35.5,955,31,834,31.3,808,72,1255,29,615,82,1578,28,463,61,968,83,1439,49,746,0,0,0,0,2,2
358,36,531,22.5,800,24.2,776,26.7,846,69,1691,32,881,83,2028,33,641,65,1191,85,1601,54,1039,2,8,3,8,7,7
359,35,367,34.1,769,35.9,808,36.4,817,79,1375,38,736,86,1493,34,554,65,1024,86,1447,59,962,0,1,0,1,3,2
360,10,141,26.4,1164,21.5,946,28.2,1191,61,1458,17,504,70,1902,13,307,44,995,79,1809,47,937,0,0,0,0,2,1
361,9,36,65.4,987,73.1,833,66.5,747,51,561,14,183,62,691,10,74,36,233,70,471,32,155,1,2,1,2,3,2
362,1,14,40.8,1294,40,1272,40.1,1239,55,1014,18,469,68,1526,18,350,51,977,78,1751,42,840,0,0,0,0,2,2
363,1,11,54.1,1613,48.8,1448,46.9,1367,48,687,11,240,61,1044,13,195,40,564,75,1148,38,445,1,4,1,3,3,3
364,72,779,21.5,616,19.4,554,24.2,663,78,1582,47,1054,87,1707,50,910,71,1256,89,1696,66,1124,1,4,1,3,1,1
365,8,60,39,667,37.1,625,41.5,687,66,517,23,246,75,638,24,167,52,351,70,602,34,263,1,1,1,1,2,3
366,12,50,43.8,343,45.7,364,58.8,434,61,280,20,125,71,347,18,67,46,163,70,306,32,130,1,1,1,1,1,1
367,39,943,22.9,1276,23.7,1154,28.5,1274,70,2424,25,1090,80,2986,25,730,56,1496,78,2481,43,1161,1,7,1,6,4,3
368,9,104,40.6,1233,36.9,1121,40,1214,61,865,19,356,75,1284,16,234,50,675,72,1200,40,606,0,1,0,1,,0
369,2,8,54.1,619,57.1,583,55.8,708,46,261,11,100,61,444,10,63,36,238,75,576,37,235,0,0,0,0,1,1
370,2,25,38.5,1255,38.4,1236,33.7,1057,43,516,10,186,57,1001,9,131,34,483,72,1064,28,355,0,0,0,0,3,1
371,3,61,52.4,3191,49.2,2942,53.2,3067,57,1839,19,886,69,2738,21,713,52,1756,76,2970,43,1592,0,2,0,1,5,5
372,20,866,21.4,2541,21,2477,22.2,2601,68,4824,22,1920,81,6031,17,1130,56,3464,81,5675,46,3000,1,6,1,7,7,4
373,33,353,38,968,36,904,37.8,944,78,1394,41,850,86,1654,38,675,68,1165,85,1577,61,1122,1,2,0,1,6,6
374,3,36,69.9,1762,65,1616,67.5,1675,53,754,17,344,65,1177,18,277,50,738,77,1264,43,624,0,0,0,1,4,3
375,48,404,33.8,813,31.2,750,32.3,766,76,1500,41,913,86,1698,36,663,67,1197,86,1676,62,1148,1,2,1,2,3,3
376,8,111,31.8,1324,30.4,1213,34.4,1355,63,1451,19,578,77,1931,16,333,55,1099,74,1801,43,933,0,1,0,1,5,4
377,13,250,21.9,1246,23.4,1310,20.2,1111,66,2194,22,893,78,2835,17,527,56,1610,83,2564,50,1367,1,5,1,4,4,5
378,42,856,35.4,1558,35.3,1534,36.5,1545,75,2644,35,1424,86,2853,37,1037,65,1759,81,2524,51,1467,3,15,4,18,4,2
379,33,432,22.1,930,20.4,856,21.1,878,72,2123,28,981,83,2525,27,770,60,1621,85,2439,55,1510,0,0,0,0,3,2
380,39,706,32.5,1862,32.2,1845,31.1,1771,74,2870,31,1419,83,3277,29,1062,60,2123,83,3292,53,1984,1,8,1,7,3,3
381,21,356,26.4,966,27.5,849,28.9,887,65,1518,22,614,76,1865,17,348,51,920,77,1517,38,674,1,2,1,3,2,3
382,6,48,48.4,1468,44.1,1346,44,1326,51,910,11,342,56,1249,9,187,29,530,67,1183,24,393,1,2,1,2,7,8
383,8,129,33.2,1375,32.1,1313,32.3,1315,61,1061,23,489,64,1325,19,344,44,767,75,1387,43,692,0,1,0,0,1,1
384,29,404,11,400,8.7,317,8.6,269,56,2630,14,787,71,1966,12,191,40,536,78,866,34,382,2,10,2,8,3,4
385,2,29,56.6,2748,51.1,2460,59.1,2585,47,1192,11,392,57,1800,11,298,39,1000,72,1968,31,731,0,2,0,2,7,7
386,11,84,45.6,893,52.3,1023,59.7,1133,64,757,18,293,66,916,16,198,48,555,77,920,35,369,1,2,1,2,2,1
387,3,27,62.5,1436,61,1420,65.2,1487,50,721,14,298,57,1111,11,191,38,637,71,1189,36,527,0,1,0,1,3,2
388,16,123,50.8,1055,41.1,844,48.5,838,65,1325,19,513,71,1172,13,160,44,474,73,832,38,379,2,5,2,5,2,2
389,6,186,26.9,2537,27,2527,27.6,2436,56,1818,18,785,70,2756,19,627,50,1573,73,2497,42,1444,0,4,1,5,1,1
390,14,103,39.3,581,32.8,481,38.7,571,62,512,17,183,77,637,17,109,54,323,72,577,35,252,1,1,0,0,0,0
391,32,296,42.2,991,39.8,935,40,913,76,1350,38,780,78,1502,33,606,60,1068,84,1523,60,1047,2,4,2,4,2,1
392,51,1971,25,2535,21.1,2168,23.1,2321,78,4855,43,3005,84,5717,39,2361,66,3843,87,5306,60,3327,1,10,1,10,4,4
393,20,556,41,2264,37.7,2182,55.8,3302,66,2410,25,1104,78,3051,23,759,54,1674,75,2839,43,1451,1,5,1,4,3,3
394,13,188,36.7,1079,32.3,948,32.3,930,65,984,25,459,78,1267,23,307,54,693,79,1166,47,618,0,0,0,0,2,2
395,16,103,1,15,1.9,30,1.9,30,70,913,20,298,82,1000,15,150,61,582,79,862,51,531,0,1,0,0,,3
396,8,81,1.2,34,1,28,1.2,33,67,1043,10,176,81,1402,5,76,53,729,78,1234,44,667,0,1,0,1,,
397,9,82,0.2,3,0.2,3,1.2,19,48,470,5,56,69,725,4,33,41,243,76,483,28,159,0,0,0,0,,
398,13,49,1.9,13,0.5,3,1.5,9,65,355,13,80,79,442,9,40,55,212,84,332,45,136,4,3,4,3,,
399,15,150,0.4,9,0.6,12,0.9,18,61,779,11,170,78,1090,9,103,54,536,83,857,39,369,1,2,1,2,,
400,31,269,2.4,61,2.8,70,3.6,90,77,1355,27,532,84,1474,16,262,62,989,84,1548,55,982,1,2,0,0,,4
401,12,97,0.7,16,0.7,16,0.9,20,65,893,16,278,79,1149,11,141,56,688,78,1110,49,682,1,2,1,2,,1
402,13,76,1.5,23,1,15,0.9,15,75,709,22,242,85,920,13,128,62,583,83,918,54,599,0,0,0,0,,2
403,14,88,0.8,15,0.6,11,1.3,22,72,1023,17,270,83,1145,13,156,61,704,82,977,52,557,0,1,1,1,,
404,6,52,1.4,29,1.3,26,1.3,26,64,601,19,229,77,810,17,159,52,454,77,788,43,404,1,3,1,3,,
405,13,183,0.4,15,0.8,26,1.1,39,60,1188,10,233,79,1667,9,161,47,772,81,1486,39,640,1,4,1,4,,
406,14,107,1,21,0.4,9,2.1,42,72,1070,18,309,84,1459,13,202,66,940,79,1267,55,811,1,4,1,3,,
407,7,51,1.2,22,1.1,20,2.1,38,69,839,18,264,81,1015,15,168,57,601,80,953,49,551,0,0,1,1,,
408,14,153,0.7,18,0.8,21,1.2,33,73,1485,22,497,83,1657,19,335,66,1138,83,1612,55,974,0,0,0,0,,
409,29,301,1,29,1.3,36,1.4,38,71,1417,23,515,84,1673,21,386,66,1170,88,1597,60,1015,4,11,4,10,,
410,10,98,0.8,13,0.8,14,0.6,11,70,718,17,206,82,833,11,96,58,454,78,721,45,389,2,4,1,1,,
411,14,85,0.8,13,1,15,1.8,27,65,85,10,14,79,704,6,46,43,303,80,652,35,235,0,0,1,1,,
412,15,36,0.6,4,0.5,3,1.2,8,65,306,13,70,83,380,13,51,58,227,80,349,53,211,3,2,1,1,,
413,25,307,0.5,20,0.6,24,0.7,27,64,1466,16,419,82,1957,21,470,59,1207,85,1874,49,1002,0,0,0,0,,
416,9,76,0.4,6,0.6,9,1,16,51,382,5,51,68,606,5,34,37,209,79,484,27,159,1,1,1,1,,
417,19,126,0.4,9,0.5,10,0.9,18,62,771,11,149,73,886,14,150,47,496,81,865,40,372,1,3,1,2,,
418,25,288,0.4,13,0.5,16,0.8,25,65,1189,12,240,81,1570,13,227,54,890,84,1479,44,719,1,2,0,1,,
419,32,306,0.3,9,0.8,24,0.7,21,69,1422,18,403,84,1739,23,460,60,1162,86,1711,53,991,1,2,1,3,,
420,21,228,0.5,13,0.5,14,0.7,19,69,1203,16,315,82,1482,19,304,59,909,86,1391,52,790,0,1,0,1,,
421,20,99,0.5,9,0.4,7,0.7,10,67,803,11,149,83,950,13,117,55,453,84,662,42,277,0,0,1,1,,
422,13,74,1,21,1.1,24,1.7,26,54,746,8,133,72,813,9,76,41,296,67,602,28,229,0,0,0,1,,
423,12,86,0.6,13,0.6,13,0.9,18,72,1257,16,319,80,1289,11,147,59,715,81,1042,50,574,0,1,0,0,,
424,16,124,0.4,6,0.8,13,1.1,18,72,730,27,306,84,990,22,245,67,697,86,944,60,627,1,1,1,2,,
425,16,69,1.7,21,0.3,3,0.7,8,77,688,18,180,86,768,12,95,63,483,85,708,53,407,1,1,1,1,,
426,10,79,0.5,10,0.7,14,1.1,22,65,776,16,222,82,994,10,110,54,547,79,922,43,469,1,2,0,1,,1
428,12,61,0.9,14,1.1,17,1.7,24,69,694,16,187,81,784,15,128,61,476,81,654,50,386,1,1,1,1,,
430,6,95,0.7,20,0.4,13,0.7,20,55,1073,11,264,68,1258,11,155,46,551,77,1016,34,335,0,1,1,2,,
431,7,49,1,19,0.6,11,1.4,25,62,651,11,143,73,795,9,87,51,468,74,796,39,391,0,0,0,0,,
432,22,193,0.6,17,0.7,18,0.9,22,71,1180,20,415,80,1460,14,237,58,949,79,1444,48,815,1,2,1,3,,2
433,25,82,0.5,5,0.2,2,0.9,9,73,492,24,193,83,571,13,87,61,388,84,577,55,350,2,2,1,1,,1
434,27,257,0.7,24,0.7,21,1.1,30,68,1654,10,268,85,1855,10,175,61,1020,85,1416,51,737,1,2,1,4,,
435,17,37,0.6,4,1.5,9,2.6,15,72,325,19,101,85,412,18,80,66,280,84,394,60,263,0,0,0,0,,
436,10,59,0.5,8,0.7,11,1.6,25,59,596,10,126,78,788,9,79,53,457,75,761,40,399,1,2,2,3,,
437,16,166,0.7,22,0.9,25,1.7,43,60,1805,13,403,80,1887,16,282,53,855,79,1314,37,519,0,1,1,4,,
438,20,104,0.9,21,0.8,16,1.9,24,71,1440,26,555,85,1417,21,248,63,648,87,677,53,246,3,10,2,6,,
442,7,49,1.7,35,1.9,38,1.4,28,58,599,9,114,75,870,7,70,52,472,78,799,45,430,1,2,1,2,,1
443,16,88,0.6,10,0.4,6,0.9,16,66,637,10,118,78,664,6,45,52,370,79,654,41,390,0,0,0,0,,
444,12,94,0.4,9,0.6,13,0.9,21,65,787,8,119,77,1072,5,60,49,538,77,966,40,485,0,0,0,0,,
445,21,218,0.9,25,0.7,19,0.5,16,67,1273,15,338,80,1595,19,345,57,992,82,1597,45,825,1,2,0,1,,
446,14,66,0.6,9,1.4,19,1.2,15,60,523,9,96,78,720,15,119,51,369,81,639,34,251,1,1,1,1,,
447,17,152,0.7,18,0.8,20,1.3,31,61,1302,11,265,81,1445,14,197,52,642,83,1110,43,509,0,0,0,1,,
448,13,172,0.6,19,0.3,10,1,27,57,1130,11,254,75,1596,8,132,48,687,82,1170,41,504,1,5,1,4,,
449,24,223,0.9,20,1.2,29,1.2,27,76,1358,30,589,85,1434,24,369,69,1012,88,1366,60,859,3,7,3,8,,
450,23,285,0.5,21,0.6,23,0.9,35,68,1720,15,430,82,2098,18,397,57,1189,84,1879,49,1016,1,3,0,2,,
451,30,356,0.5,20,0.8,32,1,36,71,2065,35,1079,85,2403,12,294,60,1396,89,1994,54,1069,0,0,0,1,,4
452,16,94,1.1,19,0.5,9,1.5,24,57,598,15,171,78,860,22,205,58,506,81,784,50,423,1,2,1,2,,
453,7,61,1.5,29,1,20,0.9,17,58,630,26,375,73,845,31,300,49,443,70,788,35,386,3,5,3,5,,
454,10,56,1.2,18,0.8,12,1.5,22,72,682,19,204,84,826,17,158,62,537,84,819,56,508,0,0,0,0,,
455,18,133,0.8,16,0.5,9,1.2,23,73,785,15,190,84,1122,12,148,61,715,82,1082,55,694,0,0,0,0,,
456,15,82,0.5,5,0.5,5,0.7,8,76,799,30,346,78,620,12,90,66,473,87,663,63,471,0,0,0,0,,1
457,29,105,0.9,9,1.2,13,0.8,8,79,556,27,229,84,618,18,130,67,461,84,653,60,447,0,0,1,1,,0
458,16,64,0.7,8,0.9,10,1.2,14,67,442,19,152,81,574,13,79,56,335,78,547,43,272,0,0,0,0,,
459,13,127,0.6,17,1.2,34,1.4,40,67,1077,16,306,80,1314,9,132,56,785,79,1290,45,677,0,0,0,1,,6
460,14,148,0.9,27,0.8,23,1.4,41,71,1194,20,405,79,1432,13,211,56,866,77,1342,46,732,0,0,0,0,,4
462,14,100,0.7,16,0.6,13,1.4,29,65,1048,11,212,81,1149,12,142,52,537,77,852,39,366,0,1,0,1,,
463,6,61,0.4,10,0.6,15,0.8,19,58,609,15,206,75,798,22,196,56,480,76,810,40,396,0,0,0,0,,
464,24,296,0.7,26,0.4,15,0.8,28,64,1670,13,398,83,2140,16,340,56,1134,81,1822,47,952,0,0,0,0,,
465,10,49,0.7,9,0.3,4,1.3,16,63,449,15,138,74,561,13,83,53,311,76,530,40,252,2,2,2,2,,1
466,14,133,1.5,39,0.8,21,1.2,30,60,851,12,207,77,1195,15,206,52,680,80,1178,40,552,0,0,0,1,,
467,16,111,0.7,14,0.3,7,0.7,14,63,834,11,171,80,1077,13,152,54,607,80,1011,46,499,0,0,0,0,,
468,10,9,0.2,4,0.1,1,0.3,6,74,96,40,61,56,902,2,25,31,341,89,141,19,101,0,0,0,0,,0
469,15,104,0.6,12,1,19,0.9,17,76,1011,43,622,86,1164,20,254,69,818,89,1075,57,664,1,1,1,1,,2
470,14,147,0.7,16,0.9,22,1.2,29,69,936,23,353,84,1173,15,182,63,723,84,1024,58,655,3,8,3,8,,
471,10,131,0.7,18,0.5,15,1.8,49,62,1070,19,404,75,1225,15,210,50,584,80,1056,38,478,1,4,2,6,,3
472,21,113,1.1,14,1.6,21,1.1,14,73,690,25,267,85,798,25,206,65,513,85,729,61,462,4,6,4,6,,
473,14,144,1.2,28,1.1,24,1.2,27,68,996,36,605,80,1165,17,210,59,663,85,1003,51,532,0,0,0,1,,3
474,13,154,0.7,16,0.9,22,1,24,67,998,19,349,78,1271,14,199,55,701,81,1161,47,618,1,2,2,4,,
475,22,180,0.4,11,0.4,11,0.5,13,76,1299,53,997,86,1398,31,449,71,983,88,1219,62,802,1,2,1,4,,6
,,,,,,,,,,,,,,,,,,,,,,,,,,,,
,,,,,,,,,,,,,,,,,,,,,,,,,,,,
,,,,,,,,,,,,,,,,,,,,,,,,,,,,
,,,,,,,,,,,,,,,,,,,,,,,,,,,,
,,,,,,,,,,,,,,,,,,,,,,,,,,,,
,,,,,,,,,,,,,,,,,,,,,,,,,,,,
,,,,,,,,,,,,,,,,,,,,,,,,,,,,
,,,,,,,,,,,,,,,,,,,,,,,,,,,,
,,,,,,,,,,,,,,,,,,,,,,,,,,,,
,,,,,,,,,,,,,,,,,,,,,,,,,,,,
,,,,,,,,,,,,,,,,,,,,,,,,,,,,
,,,,,,,,,,,,,,,,,,,,,,,,,,,,
,,,,,,,,,,,,,,,,,,,,,,,,,,,,
,,,,,,,,,,,,,,,,,,,,,,,,,,,,
,,,,,,,,,,,,,,,,,,,,,,,,,,,,
,,,,,,,,,,,,,,,,,,,,,,,,,,,,
,,,,,,,,,,,,,,,,,,,,,,,,,,,,
,,,,,,,,,,,,,,,,,,,,,,,,,,,,
,,,,,,,,,,,,,,,,,,,,,,,,,,,,
,,,,,,,,,,,,,,,,,,,,,,,,,,,,
,,,,,,,,,,,,,,,,,,,,,,,,,,,,
,,,,,,,,,,,,,,,,,,,,,,,,,,,,
,,,,,,,,,,,,,,,,,,,,,,,,,,,,
,,,,,,,,,,,,,,,,,,,,,,,,,,,,
,,,,,,,,,,,,,,,,,,,,,,,,,,,,
,,,,,,,,,,,,,,,,,,,,,,,,,,,,
,,,,,,,,,,,,,,,,,,,,,,,,,,,,
,,,,,,,,,,,,,,,,,,,,,,,,,,,,
,,,,,,,,,,,,,,,,,,,,,,,,,,,,
,,,,,,,,,,,,,,,,,,,,,,,,,,,,
,,,,,,,,,,,,,,,,,,,,,,,,,,,,
,,,,,,,,,,,,,,,,,,,,,,,,,,,,
,,,,,,,,,,,,,,,,,,,,,,,,,,,,
,,,,,,,,,,,,,,,,,,,,,,,,,,,,
,,,,,,,,,,,,,,,,,,,,,,,,,,,,
,,,,,,,,,,,,,,,,,,,,,,,,,,,,
,,,,,,,,,,,,,,,,,,,,,,,,,,,,
,,,,,,,,,,,,,,,,,,,,,,,,,,,,
,,,,,,,,,,,,,,,,,,,,,,,,,,,,
,,,,,,,,,,,,,,,,,,,,,,,,,,,,
,,,,,,,,,,,,,,,,,,,,,,,,,,,,
,,,,,,,,,,,,,,,,,,,,,,,,,,,,
,,,,,,,,,,,,,,,,,,,,,,,,,,,,
,,,,,,,,,,,,,,,,,,,,,,,,,,,,
,,,,,,,,,,,,,,,,,,,,,,,,,,,,
,,,,,,,,,,,,,,,,,,,,,,,,,,,,
,,,,,,,,,,,,,,,,,,,,,,,,,,,,
,,,,,,,,,,,,,,,,,,,,,,,,,,,,
,,,,,,,,,,,,,,,,,,,,,,,,,,,,
,,,,,,,,,,,,,,,,,,,,,,,,,,,,
,,,,,,,,,,,,,,,,,,,,,,,,,,,,
,,,,,,,,,,,,,,,,,,,,,,,,,,,,
,,,,,,,,,,,,,,,,,,,,,,,,,,,,
,,,,,,,,,,,,,,,,,,,,,,,,,,,,
,,,,,,,,,,,,,,,,,,,,,,,,,,,,
,,,,,,,,,,,,,,,,,,,,,,,,,,,,
,,,,,,,,,,,,,,,,,,,,,,,,,,,,
,,,,,,,,,,,,,,,,,,,,,,,,,,,,
,,,,,,,,,,,,,,,,,,,,,,,,,,,,
,,,,,,,,,,,,,,,,,,,,,,,,,,,,
,,,,,,,,,,,,,,,,,,,,,,,,,,,,
,,,,,,,,,,,,,,,,,,,,,,,,,,,,
,,,,,,,,,,,,,,,,,,,,,,,,,,,,
,,,,,,,,,,,,,,,,,,,,,,,,,,,,
,,,,,,,,,,,,,,,,,,,,,,,,,,,,
,,,,,,,,,,,,,,,,,,,,,,,,,,,,
,,,,,,,,,,,,,,,,,,,,,,,,,,,,
,,,,,,,,,,,,,,,,,,,,,,,,,,,,
,,,,,,,,,,,,,,,,,,,,,,,,,,,,
,,,,,,,,,,,,,,,,,,,,,,,,,,,,
,,,,,,,,,,,,,,,,,,,,,,,,,,,,
,,,,,,,,,,,,,,,,,,,,,,,,,,,,
,,,,,,,,,,,,,,,,,,,,,,,,,,,,
,,,,,,,,,,,,,,,,,,,,,,,,,,,,
,,,,,,,,,,,,,,,,,,,,,,,,,,,,
,,,,,,,,,,,,,,,,,,,,,,,,,,,,
,,,,,,,,,,,,,,,,,,,,,,,,,,,,
,,,,,,,,,,,,,,,,,,,,,,,,,,,,
,,,,,,,,,,,,,,,,,,,,,,,,,,,,
,,,,,,,,,,,,,,,,,,,,,,,,,,,,
,,,,,,,,,,,,,,,,,,,,,,,,,,,,
,,,,,,,,,,,,,,,,,,,,,,,,,,,,
,,,,,,,,,,,,,,,,,,,,,,,,,,,,
,,,,,,,,,,,,,,,,,,,,,,,,,,,,
,,,,,,,,,,,,,,,,,,,,,,,,,,,,
,,,,,,,,,,,,,,,,,,,,,,,,,,,,
,,,,,,,,,,,,,,,,,,,,,,,,,,,,
,,,,,,,,,,,,,,,,,,,,,,,,,,,,
,,,,,,,,,,,,,,,,,,,,,,,,,,,,
,,,,,,,,,,,,,,,,,,,,,,,,,,,,
,,,,,,,,,,,,,,,,,,,,,,,,,,,,
,,,,,,,,,,,,,,,,,,,,,,,,,,,,
,,,,,,,,,,,,,,,,,,,,,,,,,,,,
,,,,,,,,,,,,,,,,,,,,,,,,,,,,
,,,,,,,,,,,,,,,,,,,,,,,,,,,,
,,,,,,,,,,,,,,,,,,,,,,,,,,,,
,,,,,,,,,,,,,,,,,,,,,,,,,,,,
,,,,,,,,,,,,,,,,,,,,,,,,,,,,
,,,,,,,,,,,,,,,,,,,,,,,,,,,,
,,,,,,,,,,,,,,,,,,,,,,,,,,,,
,,,,,,,,,,,,,,,,,,,,,,,,,,,,
,,,,,,,,,,,,,,,,,,,,,,,,,,,,
,,,,,,,,,,,,,,,,,,,,,,,,,,,,
,,,,,,,,,,,,,,,,,,,,,,,,,,,,
,,,,,,,,,,,,,,,,,,,,,,,,,,,,
,,,,,,,,,,,,,,,,,,,,,,,,,,,,
,,,,,,,,,,,,,,,,,,,,,,,,,,,,
,,,,,,,,,,,,,,,,,,,,,,,,,,,,
,,,,,,,,,,,,,,,,,,,,,,,,,,,,
,,,,,,,,,,,,,,,,,,,,,,,,,,,,
,,,,,,,,,,,,,,,,,,,,,,,,,,,,
,,,,,,,,,,,,,,,,,,,,,,,,,,,,
,,,,,,,,,,,,,,,,,,,,,,,,,,,,
,,,,,,,,,,,,,,,,,,,,,,,,,,,,
,,,,,,,,,,,,,,,,,,,,,,,,,,,,
,,,,,,,,,,,,,,,,,,,,,,,,,,,,
,,,,,,,,,,,,,,,,,,,,,,,,,,,,
,,,,,,,,,,,,,,,,,,,,,,,,,,,,
,,,,,,,,,,,,,,,,,,,,,,,,,,,,
,,,,,,,,,,,,,,,,,,,,,,,,,,,,
,,,,,,,,,,,,,,,,,,,,,,,,,,,,
,,,,,,,,,,,,,,,,,,,,,,,,,,,,
,,,,,,,,,,,,,,,,,,,,,,,,,,,,
,,,,,,,,,,,,,,,,,,,,,,,,,,,,
,,,,,,,,,,,,,,,,,,,,,,,,,,,,
,,,,,,,,,,,,,,,,,,,,,,,,,,,,
,,,,,,,,,,,,,,,,,,,,,,,,,,,,
,,,,,,,,,,,,,,,,,,,,,,,,,,,,
,,,,,,,,,,,,,,,,,,,,,,,,,,,,
,,,,,,,,,,,,,,,,,,,,,,,,,,,,
,,,,,,,,,,,,,,,,,,,,,,,,,,,,
,,,,,,,,,,,,,,,,,,,,,,,,,,,,
,,,,,,,,,,,,,,,,,,,,,,,,,,,,
,,,,,,,,,,,,,,,,,,,,,,,,,,,,
,,,,,,,,,,,,,,,,,,,,,,,,,,,,
,,,,,,,,,,,,,,,,,,,,,,,,,,,,
,,,,,,,,,,,,,,,,,,,,,,,,,,,,
,,,,,,,,,,,,,,,,,,,,,,,,,,,,
,,,,,,,,,,,,,,,,,,,,,,,,,,,,
,,,,,,,,,,,,,,,,,,,,,,,,,,,,
,,,,,,,,,,,,,,,,,,,,,,,,,,,,
,,,,,,,,,,,,,,,,,,,,,,,,,,,,
,,,,,,,,,,,,,,,,,,,,,,,,,,,,
,,,,,,,,,,,,,,,,,,,,,,,,,,,,
,,,,,,,,,,,,,,,,,,,,,,,,,,,,
,,,,,,,,,,,,,,,,,,,,,,,,,,,,
,,,,,,,,,,,,,,,,,,,,,,,,,,,,
,,,,,,,,,,,,,,,,,,,,,,,,,,,,
,,,,,,,,,,,,,,,,,,,,,,,,,,,,
,,,,,,,,,,,,,,,,,,,,,,,,,,,,
,,,,,,,,,,,,,,,,,,,,,,,,,,,,
,,,,,,,,,,,,,,,,,,,,,,,,,,,,
,,,,,,,,,,,,,,,,,,,,,,,,,,,,
,,,,,,,,,,,,,,,,,,,,,,,,,,,,
,,,,,,,,,,,,,,,,,,,,,,,,,,,,
,,,,,,,,,,,,,,,,,,,,,,,,,,,,
,,,,,,,,,,,,,,,,,,,,,,,,,,,,
,,,,,,,,,,,,,,,,,,,,,,,,,,,,
,,,,,,,,,,,,,,,,,,,,,,,,,,,,
,,,,,,,,,,,,,,,,,,,,,,,,,,,,
,,,,,,,,,,,,,,,,,,,,,,,,,,,,
,,,,,,,,,,,,,,,,,,,,,,,,,,,,
,,,,,,,,,,,,,,,,,,,,,,,,,,,,
,,,,,,,,,,,,,,,,,,,,,,,,,,,,
,,,,,,,,,,,,,,,,,,,,,,,,,,,,
,,,,,,,,,,,,,,,,,,,,,,,,,,,,
,,,,,,,,,,,,,,,,,,,,,,,,,,,,
,,,,,,,,,,,,,,,,,,,,,,,,,,,,
,,,,,,,,,,,,,,,,,,,,,,,,,,,,
,,,,,,,,,,,,,,,,,,,,,,,,,,,,
,,,,,,,,,,,,,,,,,,,,,,,,,,,,
,,,,,,,,,,,,,,,,,,,,,,,,,,,,
,,,,,,,,,,,,,,,,,,,,,,,,,,,,
,,,,,,,,,,,,,,,,,,,,,,,,,,,,
,,,,,,,,,,,,,,,,,,,,,,,,,,,,
,,,,,,,,,,,,,,,,,,,,,,,,,,,,
,,,,,,,,,,,,,,,,,,,,,,,,,,,,
,,,,,,,,,,,,,,,,,,,,,,,,,,,,
,,,,,,,,,,,,,,,,,,,,,,,,,,,,
,,,,,,,,,,,,,,,,,,,,,,,,,,,,
,,,,,,,,,,,,,,,,,,,,,,,,,,,,
,,,,,,,,,,,,,,,,,,,,,,,,,,,,
,,,,,,,,,,,,,,,,,,,,,,,,,,,,
,,,,,,,,,,,,,,,,,,,,,,,,,,,,
,,,,,,,,,,,,,,,,,,,,,,,,,,,,
,,,,,,,,,,,,,,,,,,,,,,,,,,,,
,,,,,,,,,,,,,,,,,,,,,,,,,,,,
,,,,,,,,,,,,,,,,,,,,,,,,,,,,
,,,,,,,,,,,,,,,,,,,,,,,,,,,,
,,,,,,,,,,,,,,,,,,,,,,,,,,,,
,,,,,,,,,,,,,,,,,,,,,,,,,,,,
,,,,,,,,,,,,,,,,,,,,,,,,,,,,
,,,,,,,,,,,,,,,,,,,,,,,,,,,,
,,,,,,,,,,,,,,,,,,,,,,,,,,,,
,,,,,,,,,,,,,,,,,,,,,,,,,,,,
,,,,,,,,,,,,,,,,,,,,,,,,,,,,
,,,,,,,,,,,,,,,,,,,,,,,,,,,,
,,,,,,,,,,,,,,,,,,,,,,,,,,,,
,,,,,,,,,,,,,,,,,,,,,,,,,,,,
,,,,,,,,,,,,,,,,,,,,,,,,,,,,
,,,,,,,,,,,,,,,,,,,,,,,,,,,,
,,,,,,,,,,,,,,,,,,,,,,,,,,,,
,,,,,,,,,,,,,,,,,,,,,,,,,,,,
,,,,,,,,,,,,,,,,,,,,,,,,,,,,
,,,,,,,,,,,,,,,,,,,,,,,,,,,,
,,,,,,,,,,,,,,,,,,,,,,,,,,,,
,,,,,,,,,,,,,,,,,,,,,,,,,,,,
,,,,,,,,,,,,,,,,,,,,,,,,,,,,
,,,,,,,,,,,,,,,,,,,,,,,,,,,,
,,,,,,,,,,,,,,,,,,,,,,,,,,,,
,,,,,,,,,,,,,,,,,,,,,,,,,,,,
,,,,,,,,,,,,,,,,,,,,,,,,,,,,
,,,,,,,,,,,,,,,,,,,,,,,,,,,,
,,,,,,,,,,,,,,,,,,,,,,,,,,,,
,,,,,,,,,,,,,,,,,,,,,,,,,,,,
,,,,,,,,,,,,,,,,,,,,,,,,,,,,
,,,,,,,,,,,,,,,,,,,,,,,,,,,,
,,,,,,,,,,,,,,,,,,,,,,,,,,,,
,,,,,,,,,,,,,,,,,,,,,,,,,,,,
,,,,,,,,,,,,,,,,,,,,,,,,,,,,
,,,,,,,,,,,,,,,,,,,,,,,,,,,,
,,,,,,,,,,,,,,,,,,,,,,,,,,,,
,,,,,,,,,,,,,,,,,,,,,,,,,,,,
,,,,,,,,,,,,,,,,,,,,,,,,,,,,
,,,,,,,,,,,,,,,,,,,,,,,,,,,,
,,,,,,,,,,,,,,,,,,,,,,,,,,,,
,,,,,,,,,,,,,,,,,,,,,,,,,,,,
,,,,,,,,,,,,,,,,,,,,,,,,,,,,
,,,,,,,,,,,,,,,,,,,,,,,,,,,,
,,,,,,,,,,,,,,,,,,,,,,,,,,,,
,,,,,,,,,,,,,,,,,,,,,,,,,,,,
,,,,,,,,,,,,,,,,,,,,,,,,,,,,
,,,,,,,,,,,,,,,,,,,,,,,,,,,,
,,,,,,,,,,,,,,,,,,,,,,,,,,,,
,,,,,,,,,,,,,,,,,,,,,,,,,,,,
,,,,,,,,,,,,,,,,,,,,,,,,,,,,
,,,,,,,,,,,,,,,,,,,,,,,,,,,,
,,,,,,,,,,,,,,,,,,,,,,,,,,,,
,,,,,,,,,,,,,,,,,,,,,,,,,,,,
,,,,,,,,,,,,,,,,,,,,,,,,,,,,
,,,,,,,,,,,,,,,,,,,,,,,,,,,,
,,,,,,,,,,,,,,,,,,,,,,,,,,,,
,,,,,,,,,,,,,,,,,,,,,,,,,,,,
,,,,,,,,,,,,,,,,,,,,,,,,,,,,
,,,,,,,,,,,,,,,,,,,,,,,,,,,,
,,,,,,,,,,,,,,,,,,,,,,,,,,,,
,,,,,,,,,,,,,,,,,,,,,,,,,,,,
,,,,,,,,,,,,,,,,,,,,,,,,,,,,
,,,,,,,,,,,,,,,,,,,,,,,,,,,,
,,,,,,,,,,,,,,,,,,,,,,,,,,,,
,,,,,,,,,,,,,,,,,,,,,,,,,,,,
,,,,,,,,,,,,,,,,,,,,,,,,,,,,
,,,,,,,,,,,,,,,,,,,,,,,,,,,,
,,,,,,,,,,,,,,,,,,,,,,,,,,,,
,,,,,,,,,,,,,,,,,,,,,,,,,,,,
,,,,,,,,,,,,,,,,,,,,,,,,,,,,
,,,,,,,,,,,,,,,,,,,,,,,,,,,,
,,,,,,,,,,,,,,,,,,,,,,,,,,,,
,,,,,,,,,,,,,,,,,,,,,,,,,,,,
,,,,,,,,,,,,,,,,,,,,,,,,,,,,
,,,,,,,,,,,,,,,,,,,,,,,,,,,,
,,,,,,,,,,,,,,,,,,,,,,,,,,,,
,,,,,,,,,,,,,,,,,,,,,,,,,,,,
,,,,,,,,,,,,,,,,,,,,,,,,,,,,
,,,,,,,,,,,,,,,,,,,,,,,,,,,,
,,,,,,,,,,,,,,,,,,,,,,,,,,,,
,,,,,,,,,,,,,,,,,,,,,,,,,,,,
,,,,,,,,,,,,,,,,,,,,,,,,,,,,
,,,,,,,,,,,,,,,,,,,,,,,,,,,,
,,,,,,,,,,,,,,,,,,,,,,,,,,,,
,,,,,,,,,,,,,,,,,,,,,,,,,,,,
,,,,,,,,,,,,,,,,,,,,,,,,,,,,
,,,,,,,,,,,,,,,,,,,,,,,,,,,,
,,,,,,,,,,,,,,,,,,,,,,,,,,,,
,,,,,,,,,,,,,,,,,,,,,,,,,,,,
,,,,,,,,,,,,,,,,,,,,,,,,,,,,
,,,,,,,,,,,,,,,,,,,,,,,,,,,,
,,,,,,,,,,,,,,,,,,,,,,,,,,,,
,,,,,,,,,,,,,,,,,,,,,,,,,,,,
,,,,,,,,,,,,,,,,,,,,,,,,,,,,
,,,,,,,,,,,,,,,,,,,,,,,,,,,,
,,,,,,,,,,,,,,,,,,,,,,,,,,,,
,,,,,,,,,,,,,,,,,,,,,,,,,,,,
,,,,,,,,,,,,,,,,,,,,,,,,,,,,
,,,,,,,,,,,,,,,,,,,,,,,,,,,,
,,,,,,,,,,,,,,,,,,,,,,,,,,,,
,,,,,,,,,,,,,,,,,,,,,,,,,,,,
,,,,,,,,,,,,,,,,,,,,,,,,,,,,
,,,,,,,,,,,,,,,,,,,,,,,,,,,,
,,,,,,,,,,,,,,,,,,,,,,,,,,,,
,,,,,,,,,,,,,,,,,,,,,,,,,,,,
,,,,,,,,,,,,,,,,,,,,,,,,,,,,
,,,,,,,,,,,,,,,,,,,,,,,,,,,,
,,,,,,,,,,,,,,,,,,,,,,,,,,,,
,,,,,,,,,,,,,,,,,,,,,,,,,,,,
,,,,,,,,,,,,,,,,,,,,,,,,,,,,
,,,,,,,,,,,,,,,,,,,,,,,,,,,,
,,,,,,,,,,,,,,,,,,,,,,,,,,,,
,,,,,,,,,,,,,,,,,,,,,,,,,,,,
,,,,,,,,,,,,,,,,,,,,,,,,,,,,
,,,,,,,,,,,,,,,,,,,,,,,,,,,,
,,,,,,,,,,,,,,,,,,,,,,,,,,,,
,,,,,,,,,,,,,,,,,,,,,,,,,,,,
,,,,,,,,,,,,,,,,,,,,,,,,,,,,
,,,,,,,,,,,,,,,,,,,,,,,,,,,,
,,,,,,,,,,,,,,,,,,,,,,,,,,,,
,,,,,,,,,,,,,,,,,,,,,,,,,,,,
,,,,,,,,,,,,,,,,,,,,,,,,,,,,
,,,,,,,,,,,,,,,,,,,,,,,,,,,,
,,,,,,,,,,,,,,,,,,,,,,,,,,,,
,,,,,,,,,,,,,,,,,,,,,,,,,,,,
,,,,,,,,,,,,,,,,,,,,,,,,,,,,
,,,,,,,,,,,,,,,,,,,,,,,,,,,,
,,,,,,,,,,,,,,,,,,,,,,,,,,,,
,,,,,,,,,,,,,,,,,,,,,,,,,,,,
,,,,,,,,,,,,,,,,,,,,,,,,,,,,
,,,,,,,,,,,,,,,,,,,,,,,,,,,,
,,,,,,,,,,,,,,,,,,,,,,,,,,,,
,,,,,,,,,,,,,,,,,,,,,,,,,,,,
,,,,,,,,,,,,,,,,,,,,,,,,,,,,
,,,,,,,,,,,,,,,,,,,,,,,,,,,,
,,,,,,,,,,,,,,,,,,,,,,,,,,,,
,,,,,,,,,,,,,,,,,,,,,,,,,,,,
,,,,,,,,,,,,,,,,,,,,,,,,,,,,
,,,,,,,,,,,,,,,,,,,,,,,,,,,,
,,,,,,,,,,,,,,,,,,,,,,,,,,,,
,,,,,,,,,,,,,,,,,,,,,,,,,,,,
,,,,,,,,,,,,,,,,,,,,,,,,,,,,
,,,,,,,,,,,,,,,,,,,,,,,,,,,,
,,,,,,,,,,,,,,,,,,,,,,,,,,,,
,,,,,,,,,,,,,,,,,,,,,,,,,,,,
,,,,,,,,,,,,,,,,,,,,,,,,,,,,
,,,,,,,,,,,,,,,,,,,,,,,,,,,,
,,,,,,,,,,,,,,,,,,,,,,,,,,,,
,,,,,,,,,,,,,,,,,,,,,,,,,,,,
,,,,,,,,,,,,,,,,,,,,,,,,,,,,
,,,,,,,,,,,,,,,,,,,,,,,,,,,,
,,,,,,,,,,,,,,,,,,,,,,,,,,,,
,,,,,,,,,,,,,,,,,,,,,,,,,,,,
,,,,,,,,,,,,,,,,,,,,,,,,,,,,
,,,,,,,,,,,,,,,,,,,,,,,,,,,,
,,,,,,,,,,,,,,,,,,,,,,,,,,,,
,,,,,,,,,,,,,,,,,,,,,,,,,,,,
,,,,,,,,,,,,,,,,,,,,,,,,,,,,
,,,,,,,,,,,,,,,,,,,,,,,,,,,,
,,,,,,,,,,,,,,,,,,,,,,,,,,,,
,,,,,,,,,,,,,,,,,,,,,,,,,,,,
,,,,,,,,,,,,,,,,,,,,,,,,,,,,
,,,,,,,,,,,,,,,,,,,,,,,,,,,,
,,,,,,,,,,,,,,,,,,,,,,,,,,,,
,,,,,,,,,,,,,,,,,,,,,,,,,,,,
,,,,,,,,,,,,,,,,,,,,,,,,,,,,
,,,,,,,,,,,,,,,,,,,,,,,,,,,,
,,,,,,,,,,,,,,,,,,,,,,,,,,,,
,,,,,,,,,,,,,,,,,,,,,,,,,,,,
,,,,,,,,,,,,,,,,,,,,,,,,,,,,
,,,,,,,,,,,,,,,,,,,,,,,,,,,,
,,,,,,,,,,,,,,,,,,,,,,,,,,,,
,,,,,,,,,,,,,,,,,,,,,,,,,,,,
,,,,,,,,,,,,,,,,,,,,,,,,,,,,
,,,,,,,,,,,,,,,,,,,,,,,,,,,,
,,,,,,,,,,,,,,,,,,,,,,,,,,,,
,,,,,,,,,,,,,,,,,,,,,,,,,,,,
,,,,,,,,,,,,,,,,,,,,,,,,,,,,
,,,,,,,,,,,,,,,,,,,,,,,,,,,,
,,,,,,,,,,,,,,,,,,,,,,,,,,,,
,,,,,,,,,,,,,,,,,,,,,,,,,,,,
,,,,,,,,,,,,,,,,,,,,,,,,,,,,
,,,,,,,,,,,,,,,,,,,,,,,,,,,,
,,,,,,,,,,,,,,,,,,,,,,,,,,,,
,,,,,,,,,,,,,,,,,,,,,,,,,,,,
,,,,,,,,,,,,,,,,,,,,,,,,,,,,
,,,,,,,,,,,,,,,,,,,,,,,,,,,,
,,,,,,,,,,,,,,,,,,,,,,,,,,,,
,,,,,,,,,,,,,,,,,,,,,,,,,,,,
,,,,,,,,,,,,,,,,,,,,,,,,,,,,
,,,,,,,,,,,,,,,,,,,,,,,,,,,,
,,,,,,,,,,,,,,,,,,,,,,,,,,,,
,,,,,,,,,,,,,,,,,,,,,,,,,,,,
,,,,,,,,,,,,,,,,,,,,,,,,,,,,
,,,,,,,,,,,,,,,,,,,,,,,,,,,,
,,,,,,,,,,,,,,,,,,,,,,,,,,,,
,,,,,,,,,,,,,,,,,,,,,,,,,,,,
,,,,,,,,,,,,,,,,,,,,,,,,,,,,
,,,,,,,,,,,,,,,,,,,,,,,,,,,,
,,,,,,,,,,,,,,,,,,,,,,,,,,,,
,,,,,,,,,,,,,,,,,,,,,,,,,,,,
,,,,,,,,,,,,,,,,,,,,,,,,,,,,
,,,,,,,,,,,,,,,,,,,,,,,,,,,,
,,,,,,,,,,,,,,,,,,,,,,,,,,,,
,,,,,,,,,,,,,,,,,,,,,,,,,,,,
,,,,,,,,,,,,,,,,,,,,,,,,,,,,
,,,,,,,,,,,,,,,,,,,,,,,,,,,,
,,,,,,,,,,,,,,,,,,,,,,,,,,,,
,,,,,,,,,,,,,,,,,,,,,,,,,,,,
,,,,,,,,,,,,,,,,,,,,,,,,,,,,
,,,,,,,,,,,,,,,,,,,,,,,,,,,,
,,,,,,,,,,,,,,,,,,,,,,,,,,,,
,,,,,,,,,,,,,,,,,,,,,,,,,,,,
,,,,,,,,,,,,,,,,,,,,,,,,,,,,
,,,,,,,,,,,,,,,,,,,,,,,,,,,,
,,,,,,,,,,,,,,,,,,,,,,,,,,,,
,,,,,,,,,,,,,,,,,,,,,,,,,,,,
,,,,,,,,,,,,,,,,,,,,,,,,,,,,
,,,,,,,,,,,,,,,,,,,,,,,,,,,,
,,,,,,,,,,,,,,,,,,,,,,,,,,,,
,,,,,,,,,,,,,,,,,,,,,,,,,,,,
,,,,,,,,,,,,,,,,,,,,,,,,,,,,
,,,,,,,,,,,,,,,,,,,,,,,,,,,,
,,,,,,,,,,,,,,,,,,,,,,,,,,,,
,,,,,,,,,,,,,,,,,,,,,,,,,,,,
,,,,,,,,,,,,,,,,,,,,,,,,,,,,
,,,,,,,,,,,,,,,,,,,,,,,,,,,,
,,,,,,,,,,,,,,,,,,,,,,,,,,,,
,,,,,,,,,,,,,,,,,,,,,,,,,,,,
,,,,,,,,,,,,,,,,,,,,,,,,,,,,
,,,,,,,,,,,,,,,,,,,,,,,,,,,,
,,,,,,,,,,,,,,,,,,,,,,,,,,,,
,,,,,,,,,,,,,,,,,,,,,,,,,,,,
,,,,,,,,,,,,,,,,,,,,,,,,,,,,
,,,,,,,,,,,,,,,,,,,,,,,,,,,,
,,,,,,,,,,,,,,,,,,,,,,,,,,,,
,,,,,,,,,,,,,,,,,,,,,,,,,,,,
,,,,,,,,,,,,,,,,,,,,,,,,,,,,
,,,,,,,,,,,,,,,,,,,,,,,,,,,,
,,,,,,,,,,,,,,,,,,,,,,,,,,,,
,,,,,,,,,,,,,,,,,,,,,,,,,,,,
,,,,,,,,,,,,,,,,,,,,,,,,,,,,
,,,,,,,,,,,,,,,,,,,,,,,,,,,,
,,,,,,,,,,,,,,,,,,,,,,,,,,,,
,,,,,,,,,,,,,,,,,,,,,,,,,,,,
,,,,,,,,,,,,,,,,,,,,,,,,,,,,
,,,,,,,,,,,,,,,,,,,,,,,,,,,,
,,,,,,,,,,,,,,,,,,,,,,,,,,,,
,,,,,,,,,,,,,,,,,,,,,,,,,,,,
,,,,,,,,,,,,,,,,,,,,,,,,,,,,
,,,,,,,,,,,,,,,,,,,,,,,,,,,,
,,,,,,,,,,,,,,,,,,,,,,,,,,,,
,,,,,,,,,,,,,,,,,,,,,,,,,,,,
,,,,,,,,,,,,,,,,,,,,,,,,,,,,
,,,,,,,,,,,,,,,,,,,,,,,,,,,,
,,,,,,,,,,,,,,,,,,,,,,,,,,,,
,,,,,,,,,,,,,,,,,,,,,,,,,,,,
,,,,,,,,,,,,,,,,,,,,,,,,,,,,
,,,,,,,,,,,,,,,,,,,,,,,,,,,,
,,,,,,,,,,,,,,,,,,,,,,,,,,,,
,,,,,,,,,,,,,,,,,,,,,,,,,,,,
,,,,,,,,,,,,,,,,,,,,,,,,,,,,
,,,,,,,,,,,,,,,,,,,,,,,,,,,,
,,,,,,,,,,,,,,,,,,,,,,,,,,,,
,,,,,,,,,,,,,,,,,,,,,,,,,,,,
,,,,,,,,,,,,,,,,,,,,,,,,,,,,
,,,,,,,,,,,,,,,,,,,,,,,,,,,,
,,,,,,,,,,,,,,,,,,,,,,,,,,,,
,,,,,,,,,,,,,,,,,,,,,,,,,,,,
,,,,,,,,,,,,,,,,,,,,,,,,,,,,
,,,,,,,,,,,,,,,,,,,,,,,,,,,,
,,,,,,,,,,,,,,,,,,,,,,,,,,,,
,,,,,,,,,,,,,,,,,,,,,,,,,,,,
,,,,,,,,,,,,,,,,,,,,,,,,,,,,
,,,,,,,,,,,,,,,,,,,,,,,,,,,,
,,,,,,,,,,,,,,,,,,,,,,,,,,,,
,,,,,,,,,,,,,,,,,,,,,,,,,,,,
,,,,,,,,,,,,,,,,,,,,,,,,,,,,
,,,,,,,,,,,,,,,,,,,,,,,,,,,,
,,,,,,,,,,,,,,,,,,,,,,,,,,,,
,,,,,,,,,,,,,,,,,,,,,,,,,,,,
,,,,,,,,,,,,,,,,,,,,,,,,,,,,
,,,,,,,,,,,,,,,,,,,,,,,,,,,,
,,,,,,,,,,,,,,,,,,,,,,,,,,,,
,,,,,,,,,,,,,,,,,,,,,,,,,,,,
,,,,,,,,,,,,,,,,,,,,,,,,,,,,
,,,,,,,,,,,,,,,,,,,,,,,,,,,,
,,,,,,,,,,,,,,,,,,,,,,,,,,,,
,,,,,,,,,,,,,,,,,,,,,,,,,,,,
,,,,,,,,,,,,,,,,,,,,,,,,,,,,
,,,,,,,,,,,,,,,,,,,,,,,,,,,,
,,,,,,,,,,,,,,,,,,,,,,,,,,,,
,,,,,,,,,,,,,,,,,,,,,,,,,,,,
,,,,,,,,,,,,,,,,,,,,,,,,,,,,
,,,,,,,,,,,,,,,,,,,,,,,,,,,,
,,,,,,,,,,,,,,,,,,,,,,,,,,,,
,,,,,,,,,,,,,,,,,,,,,,,,,,,,
,,,,,,,,,,,,,,,,,,,,,,,,,,,,
,,,,,,,,,,,,,,,,,,,,,,,,,,,,
,,,,,,,,,,,,,,,,,,,,,,,,,,,,
,,,,,,,,,,,,,,,,,,,,,,,,,,,,
,,,,,,,,,,,,,,,,,,,,,,,,,,,,
,,,,,,,,,,,,,,,,,,,,,,,,,,,,
,,,,,,,,,,,,,,,,,,,,,,,,,,,,
,,,,,,,,,,,,,,,,,,,,,,,,,,,,
,,,,,,,,,,,,,,,,,,,,,,,,,,,,
,,,,,,,,,,,,,,,,,,,,,,,,,,,,
,,,,,,,,,,,,,,,,,,,,,,,,,,,,
,,,,,,,,,,,,,,,,,,,,,,,,,,,,
,,,,,,,,,,,,,,,,,,,,,,,,,,,,
,,,,,,,,,,,,,,,,,,,,,,,,,,,,
,,,,,,,,,,,,,,,,,,,,,,,,,,,,
,,,,,,,,,,,,,,,,,,,,,,,,,,,,
,,,,,,,,,,,,,,,,,,,,,,,,,,,,
,,,,,,,,,,,,,,,,,,,,,,,,,,,,
,,,,,,,,,,,,,,,,,,,,,,,,,,,,
,,,,,,,,,,,,,,,,,,,,,,,,,,,,
,,,,,,,,,,,,,,,,,,,,,,,,,,,,
,,,,,,,,,,,,,,,,,,,,,,,,,,,,
,,,,,,,,,,,,,,,,,,,,,,,,,,,,
,,,,,,,,,,,,,,,,,,,,,,,,,,,,
,,,,,,,,,,,,,,,,,,,,,,,,,,,,
,,,,,,,,,,,,,,,,,,,,,,,,,,,,
,,,,,,,,,,,,,,,,,,,,,,,,,,,,
,,,,,,,,,,,,,,,,,,,,,,,,,,,,
,,,,,,,,,,,,,,,,,,,,,,,,,,,,
,,,,,,,,,,,,,,,,,,,,,,,,,,,,
,,,,,,,,,,,,,,,,,,,,,,,,,,,,
,,,,,,,,,,,,,,,,,,,,,,,,,,,,
,,,,,,,,,,,,,,,,,,,,,,,,,,,,
,,,,,,,,,,,,,,,,,,,,,,,,,,,,
,,,,,,,,,,,,,,,,,,,,,,,,,,,,
,,,,,,,,,,,,,,,,,,,,,,,,,,,,
,,,,,,,,,,,,,,,,,,,,,,,,,,,,
,,,,,,,,,,,,,,,,,,,,,,,,,,,,
,,,,,,,,,,,,,,,,,,,,,,,,,,,,
,,,,,,,,,,,,,,,,,,,,,,,,,,,,
,,,,,,,,,,,,,,,,,,,,,,,,,,,,
,,,,,,,,,,,,,,,,,,,,,,,,,,,,
,,,,,,,,,,,,,,,,,,,,,,,,,,,,
,,,,,,,,,,,,,,,,,,,,,,,,,,,,
,,,,,,,,,,,,,,,,,,,,,,,,,,,,
,,,,,,,,,,,,,,,,,,,,,,,,,,,,
,,,,,,,,,,,,,,,,,,,,,,,,,,,,
,,,,,,,,,,,,,,,,,,,,,,,,,,,,
,,,,,,,,,,,,,,,,,,,,,,,,,,,,
,,,,,,,,,,,,,,,,,,,,,,,,,,,,
,,,,,,,,,,,,,,,,,,,,,,,,,,,,
,,,,,,,,,,,,,,,,,,,,,,,,,,,,
,,,,,,,,,,,,,,,,,,,,,,,,,,,,