NPA,m33_2018,m33_moe_2018,m33_2017,m33_moe_2017,m34_2018,m34_2017,m34_2016,m34_2015,m34_2013,m34_2011,m35_2018,m35_2017,m35_2016,m35_2015,m35_2013,m35_2011,m70_2015,r70_2015,m36_2018,r36_2018,m36_2017,r36_2017,m36_2016,r36_2016,m36_2015,r36_2015,m36_2013,r36_2013,m36_2011,r36_2011,m44_2015,r44_2015,m44_2014,r44_2014,m44_2013,r44_2013
NPA,Long_Commute_2018,Long_Commute_moe_2018,Long_Commute_2017,Long_Commute_moe_2017,Bicycle_Friendliness_2018,Bicycle_Friendliness_2017,Bicycle_Friendliness_2016,Bicycle_Friendliness_2015,Bicycle_Friendliness_2013,Bicycle_Friendliness_2011,Street_Connectivity_2018,Street_Connectivity_2017,Street_Connectivity_2016,Street_Connectivity_2015,Street_Connectivity_2013,Street_Connectivity_2011,Sidewalk_Availability_2015,Sidewalk_Miles_2015,Transit_Proximity_2018,Transit_Proximate_Units_2018,Transit_Proximity_2017,Transit_Proximate_Units_2017,Transit_Proximity_2016,Transit_Proximate_Units_2016,Transit_Proximity_2015,Transit_Proximate_Units_2015,Transit_Proximity_2013,Transit_Proximate_Units_2013,Transit_Proximity_2011,Transit_Proximate_Units_2011,Transit_Ridership_2015,Transit_Ridership_Total_2015,Transit_Ridership_2014,Transit_Ridership_Total_2014,Transit_Ridership_2013,Transit_Ridership_Total_2013
2,39,11,39,12,1.5,1.5,1.5,1.5,1.5,1.6,1.2,1.2,1.2,1.2,1.15,1.17,74.3,7.3,100,1083,100,1079,100,1079,100,1079,100,1081,100,1082,35,879,43,1068,54,1348
3,33,4,32,5,2.1,2.1,2.2,2.1,2.3,2.2,1.48,1.48,1.48,1.5,1.55,1.55,83.6,31.5,100,5931,100,5283,100,4730,100,4752,100,4746,100,4468,34,2346,35,2438,33,2697
4,58,13,57,14,1.7,1.7,1.8,1.7,1.7,1.6,1.17,1.17,1.17,1.17,1.17,1.17,32.8,2.3,86.16,361,92.65,378,92.86,377,94.31,381,100,402,100,401,8,59,9,60,5,53
5,39,22,27,18,1.6,1.6,1.6,1.6,1.7,1.5,1.16,1.16,1.16,1.16,1.19,1.19,38.6,1.8,100,318,100,322,100,326,100,331,100,329,100,332,17,66,15,60,17,67
6,46,13,49,14,1.7,1.7,1.8,1.8,1.8,1.7,1.28,1.28,1.28,1.3,1.3,1.3,41.2,5.4,100,808,100,814,100,816,100,817,100,820,100,825,74,1258,77,1312,86,1375
7,42,16,35,12,1.5,1.5,1.5,1.5,1.5,1.5,1.19,1.19,1.19,1.19,1.19,1.19,53.2,6.5,43.29,187,70.53,304,70.73,302,73.71,314,88.89,376,89.29,375,30,178,31,220,58,405
8,53,13,40,12,1.3,1.3,1.3,1.3,1.3,1.3,1.13,1.13,1.13,1.16,1.17,1.17,57.3,6.3,100,1080,100,1029,100,1036,98.54,1015,100,1024,100,901,9,209,11,242,9,193
9,45,17,37,14,1.7,1.7,1.7,1.7,1.7,1.7,1.38,1.38,1.38,1.38,1.38,1.39,45.0,1.8,100,304,100,294,100,305,100,302,100,305,100,305,25,197,29,232,31,251
10,59,7,59,8,1.7,1.7,1.7,1.6,1.6,1.6,1.36,1.36,1.35,1.35,1.35,1.35,65.0,11.0,95.62,1527,100,1586,100,1592,100,1592,100,1595,100,1599,42,1528,42,1498,42,1453
11,45,10,41,9,1.7,1.7,1.7,1.7,1.8,1.8,1.2,1.2,1.2,1.2,1.25,1.26,63.0,7.5,100,1253,100,1231,100,1225,100,1225,100,1212,100,1209,67,734,76,839,65,843
12,52,9,47,8,1.4,1.4,1.3,1.4,1.4,1.4,1.05,1.05,1.05,1.05,1.08,1.08,34.5,0.9,100,1257,100,1257,100,1257,100,1257,100,1257,100,1257,95,668,116,814,123,860
13,45,7,49,7,1.6,1.6,1.6,1.6,1.6,1.6,1.24,1.24,1.24,1.24,1.24,1.24,46.5,5.0,100,1832,100,1831,100,1830,100,1827,100,1810,100,1812,13,249,17,319,21,406
14,58,9,59,8,1.3,1.3,1.3,1.3,1.4,1.4,1.09,1.09,1.08,1.1,1.1,1.1,48.4,5.7,74.3,1197,74.24,1196,74.27,1198,74.23,1198,74.23,1198,74.33,1199,132,528,147,586,142,568
15,70,10,59,13,1.6,1.6,1.6,1.5,1.6,1.6,1.18,1.18,1.18,1.17,1.18,1.19,25.7,3.4,0,0,0,0,0,0,0,0,0,0,0,0,,,,,,
16,54,5,52,6,1.4,1.4,1.5,1.5,1.4,1.4,1.18,1.19,1.2,1.2,1.2,1.2,40.3,7.3,93.13,1967,93.14,1968,97.54,2062,97.63,2062,98.48,2080,98.49,2087,33,462,36,543,38,600
17,70,8,64,9,1.4,1.4,1.4,1.4,1.4,1.4,1.18,1.18,1.18,1.18,1.19,1.18,42.9,5.5,100,1250,100,1253,100,1253,100,1256,100,1256,100,1256,62,1426,64,1473,66,1511
18,54,2,46,17,1.6,1.6,1.6,1.6,1.5,1.5,1.16,1.16,1.16,1.17,1.17,1.17,48.2,7.6,100,1684,100,1666,100,1693,100,1695,100,1691,100,1596,87,958,105,1155,112,1227
19,46,7,47,6,1.6,1.6,1.7,1.6,1.6,1.6,1.15,1.15,1.15,1.15,1.15,1.15,33.7,6.6,97.46,1725,97.5,1718,97.5,1718,97.5,1718,97.67,1718,97.72,1715,7,104,7,109,6,93
20,76,13,66,11,1.5,1.5,1.5,1.5,1.5,1.4,1.09,1.08,1.08,1.08,1.08,1.08,54.4,6.2,41.74,606,41.74,606,41.74,606,41.74,606,40.63,590,28.91,420,,,,,,
21,68,12,66,13,1.3,1.3,1.3,1.3,1.3,1.3,1.18,1.18,1.18,1.18,1.18,1.18,47.1,6.6,100,1209,100,1221,100,1224,100,1220,100,1216,100,1168,195,6035,183,6054,191,5930
22,54,10,57,9,1.4,1.4,1.4,1.4,1.5,1.4,1.23,1.22,1.22,1.23,1.27,1.26,68.5,5.6,100,688,100,696,100,508,100,499,100,364,100,467,64,964,75,1119,81,1217
23,55,25,49,21,1.7,1.7,1.7,1.7,1.7,1.7,1,1,1,1,1,1,50.7,1.9,83.82,461,83.97,461,83.64,460,83.64,460,82.91,456,82.51,453,,,,,,
24,42,9,50,9,1.7,1.7,1.8,1.7,1.7,1.7,1.25,1.25,1.25,1.25,1.25,1.25,52.3,3.2,100,426,100,446,100,446,100,448,100,473,100,474,50,250,67,333,62,312
25,73,8,70,7,1.5,1.5,1.6,1.5,1.5,1.5,1.08,1.08,1.08,1.08,1.08,1.08,21.0,2.9,37.79,430,37.18,419,37.39,418,37.5,417,36.81,409,36.72,408,0,0,1,1,1,1
26,80,8,81,7,1.4,1.4,1.3,1.4,1.5,1.1,1.03,1.03,1.03,1.03,1.06,1.05,36.2,6.5,12.4,134,12.54,134,12.55,134,12.54,134,12.48,133,0,0,,,,,,
27,76,8,80,27,1.4,1.4,1.4,1.4,1.4,1.3,1.08,1.08,1.08,1.08,1.09,1.09,62.8,4.9,89.77,886,89.78,887,89.57,885,89.78,887,89.27,882,74.75,740,47,95,88,176,75,151
28,65,14,58,15,1.9,1.9,1.9,1.9,1.8,1.8,1.3,1.3,1.31,1.31,1.31,1.3,45.8,2.6,100,560,100,553,100,550,100,550,100,548,100,545,10,79,13,106,11,100
29,61,7,64,29,1.6,1.6,1.6,1.6,1.5,1.5,1.02,1.02,1.02,1.02,1.02,1.02,37.2,2.3,26.33,149,26.19,148,26.19,148,7.96,45,18.02,102,17.84,101,,,,,0,0
30,37,15,23,10,1.6,1.6,1.7,1.7,1.8,1.8,1.23,1.23,1.25,1.28,1.3,1.28,60.0,6.4,100,1099,100,1096,100,987,100,854,100,504,100,503,66,1654,73,1814,78,1957
31,55,6,54,18,1.7,1.7,1.7,1.7,1.6,1.7,1.21,1.21,1.21,1.21,1.21,1.21,27.8,2.5,70.25,484,62.41,425,62.19,421,62.13,420,60.47,410,61.45,416,17,34,15,30,34,34
32,71,16,68,6,1.2,1.2,1.2,1.2,1.2,1.2,1.07,1.07,1.07,1.08,1.08,1.08,75.7,2.0,100,220,100,220,100,220,100,220,100,220,100,220,14,111,15,123,10,80
33,35,16,51,20,1.3,1.3,1.3,1.3,1.3,1.3,1.17,1.17,1.17,1.19,1.19,1.19,20.4,1.1,100,628,100,628,100,628,100,628,100,623,100,612,28,198,45,312,39,275
34,47,7,47,5,1.4,1.4,1.3,1.4,1.4,1.4,1.12,1.12,1.13,1.13,1.15,1.15,26.7,4.5,24.92,227,27.19,227,27.67,228,28.29,230,28.43,230,29.53,233,,,,,,
35,65,9,63,8,1.4,1.4,1.4,1.4,1.4,1.3,1.26,1.27,1.27,1.27,1.29,1.29,17.7,5.0,43.89,449,10.03,93,0,0,46.44,372,49.07,369,51.1,347,16,32,11,32,25,76
36,63,9,60,7,1.6,1.6,1.6,1.6,1.7,1.7,1.1,1.1,1.1,1.1,1.12,1.12,37.7,4.5,63.26,842,63.5,842,61.12,753,61.17,753,55.38,582,56.6,583,9,45,11,45,11,46
37,42,8,35,8,2.2,2.2,2.2,2.2,2.3,2.2,1.42,1.42,1.42,1.42,1.44,1.44,92.5,7.9,100,787,100,776,100,774,100,779,100,780,100,790,38,606,47,754,47,756
38,63,6,63,22,1.3,1.3,1.3,1.3,1.3,1.4,1.17,1.17,1.17,1.17,1.21,1.22,24.0,7.6,0.48,4,0.48,4,0.48,4,0.48,4,1.19,10,1.19,10,3,34,2,26,1,9
39,76,11,77,11,1.6,1.6,1.5,1.6,1.6,1.5,1.05,1.05,1.05,1.05,1.05,1.05,42.8,5.7,0.5,5,4.75,47,4.56,44,4.62,44,4.68,44,4.94,46,,,,,,
40,52,10,49,10,1.3,1.3,1.3,1.3,1.3,1.3,1.22,1.22,1.22,1.22,1.22,1.22,55.0,5.2,99.92,1223,100,1193,100,1191,100,1183,100,1183,100,1183,28,223,30,301,32,318
41,62,7,61,4,1.5,1.5,1.5,1.5,1.6,1.6,1.1,1.1,1.1,1.1,1.13,1.13,,,100,774,100,774,100,773,100,773,100,773,100,774,2,25,2,25,1,12
42,53,8,51,7,1.4,1.4,1.4,1.4,1.3,1.3,1.07,1.07,1.07,1.07,1.07,1.07,45.1,3.8,63.33,841,63.33,841,67.92,902,67.85,901,63.33,841,63.53,843,23,46,34,67,26,53
43,47,10,35,5,1.5,1.5,1.4,1.5,1.4,1.4,1.15,1.15,1.15,1.15,1.15,1.15,27.7,2.2,95.72,626,95.41,624,95.42,625,95.41,624,95.39,621,95.1,602,0,0,1,5,0,0
44,51,16,59,18,1.4,1.4,1.4,1.4,1.4,1.4,1.04,1.04,1.04,1.04,1.04,1.04,53.1,2.8,45.08,220,44.58,214,43.76,207,42.73,197,42.42,193,42.95,192,19,19,25,25,31,31
45,66,3,70,7,1.4,1.4,1.4,1.4,1.5,1.4,1.28,1.28,1.27,1.23,1.31,1.3,53.1,13.0,23.26,381,12.38,159,8.39,99,8.27,94,0,0,0,0,87,260,0,0,,
46,53,9,56,11,1.4,1.4,1.5,1.4,1.5,1.5,1.06,1.06,1.06,1.06,1.07,1.07,13.5,1.1,0,0,0,0,0,0,0,0,60.04,574,45.25,433,,,,,,
47,73,13,73,4,2,2,2,2,1.5,1.1,1.08,1.08,1.08,1.08,1.08,1.08,58.6,1.8,100,606,100,591,100,639,100,640,100,640,100,641,84,419,106,530,99,496
48,77,10,77,11,1.3,1.3,1.3,1.3,1.3,1.3,1.18,1.18,1.18,1.18,1.25,1.27,45.4,6.3,44.55,270,44.74,272,42.62,260,44.55,274,44.66,276,41.85,262,27,135,59,297,67,333
49,63,14,56,33,1.2,1.2,1.3,1.2,1.2,1.2,1.08,1.08,1.08,1.08,1.12,1.11,32.2,5.1,0,0,0,0,0,0,0,0,0,0,0,0,,,,,,
50,76,11,67,12,1.8,1.8,1.8,1.8,1.8,1.7,1.11,1.11,1.11,1.11,1.11,1.11,40.5,2.8,92.59,975,92.6,976,92.6,976,92.6,976,92.59,975,92.59,975,529,1587,435,1738,455,1822
51,39,9,39,8,1.7,1.7,1.8,1.7,1.8,1.9,1.36,1.35,1.35,1.34,1.38,1.38,74.3,7.8,100,1137,100,761,100,765,100,732,100,737,100,737,68,813,80,876,110,987
52,52,11,34,10,1.2,1.2,1.2,1.2,1.2,1.2,1.05,1.04,1.03,1.03,1.05,1.08,72.6,5.8,100,744,100,596,100,551,100,551,100,889,100,892,62,986,73,1456,73,2178
53,41,7,37,7,1.7,1.7,1.7,1.7,1.8,1.8,1.2,1.2,1.2,1.2,1.16,1.16,49.2,5.3,100,1060,100,1060,100,1221,100,1222,100,1060,100,1057,47,1125,46,1195,46,1198
54,54,37,18,17,1.6,1.5,1.6,1.5,1.6,1.6,1.2,1.19,1.19,1.19,1.13,1.13,42.5,5.6,95.1,543,95.09,542,94.81,530,94.99,531,94.84,533,94.66,532,31,344,33,359,34,373
55,50,12,49,13,1.5,1.5,1.5,1.5,1.5,1.5,1.12,1.12,1.12,1.12,1.1,1.1,34.0,4.2,94.81,767,95.03,765,94.91,764,94.89,762,91.78,737,90.05,724,2,25,4,40,5,39
56,63,15,53,14,1.5,1.5,1.5,1.5,1.5,1.4,1.08,1.08,1.08,1.08,1.08,1.08,49.6,2.7,89.56,326,89.56,326,89.01,324,89.56,326,90.53,325,90.25,324,305,1222,322,1287,321,1285
57,72,13,66,27,1.3,1.3,1.4,1.4,1.5,1.5,1,1,1.03,1.03,1.09,1.12,51.6,2.1,100,669,100,669,100,669,100,669,100,669,100,683,81,242,69,274,36,180
58,68,12,70,30,1.4,1.4,1.4,1.4,1.3,1.4,1.17,1.17,1.17,1.17,1.17,1.17,60.3,3.6,100,486,100,485,100,484,100,485,100,485,100,485,78,859,75,825,58,811
59,69,9,75,4,1.5,1.5,1.5,1.5,1.5,1.5,1.15,1.15,1.15,1.15,1.15,1.15,26.4,2.6,100,1110,100,1110,100,1110,100,1110,100,1111,100,1111,373,2614,344,2407,163,1141
60,48,11,51,12,1.3,1.3,1.3,1.3,1.4,1.4,1.23,1.23,1.23,1.23,1.35,1.36,15.0,2.3,93.58,1575,93.58,1575,92.19,1275,90.42,1019,100,1128,99.9,997,85,1103,71,920,109,1421
61,59,13,65,5,1.4,1.4,1.4,1.4,1.5,1.5,1.12,1.12,1.12,1.12,1.14,1.14,20.7,1.4,0,0,0,0,0,0,0,0,99.08,429,99.08,429,0,1,2,6,44,175
62,26,8,24,7,1.6,1.6,1.5,1.5,1.2,0,1.11,1.11,1.11,1.13,1.13,1.05,,,100,64,100,64,100,64,100,64,100,138,100,199,151,4820,197,6109,198,6533
64,60,11,68,15,1.2,1.2,1.2,1.3,1.3,0,1.21,1.21,1.21,1.23,1.26,1.21,18.1,2.2,99.84,2554,99.88,2560,99.85,2042,99.85,2064,99.54,1965,95.84,1889,6,12,11,22,9,19
65,38,18,37,20,1.3,1.3,1.3,1.3,1.6,1.6,1.27,1.27,1.27,1.27,1.45,1.43,,,100,1225,70.09,860,91.68,860,70.2,860,82.58,896,73.14,716,,,,,25,25
66,56,14,44,14,1.2,1.2,1.2,1.2,1.3,1.2,1.12,1.12,1.12,1.12,1.13,1.15,29.1,1.9,100,1353,100,1353,100,1353,100,1353,100,1263,100,1256,55,164,167,836,123,986
67,44,25,53,19,1.3,1.3,1.4,1.3,1.3,1.3,1.14,1.14,1.15,1.15,1.15,1.15,44.7,1.7,100,631,100,631,100,643,100,643,100,631,100,323,,,,,,
68,52,12,58,12,1.1,1.2,1.2,1.2,1.2,1.2,1.09,1.09,1.09,1.09,1.09,1.09,38.5,5.7,61.13,692,61.22,693,60.87,689,61.17,693,61.17,693,60.81,689,20,184,15,108,36,107
69,36,9,25,6,1.5,1.5,1.6,1.5,1.5,1.5,1.17,1.18,1.16,1.16,1.16,1.16,52.8,4.0,74.2,535,93.87,674,93.88,675,93.07,591,100,755,100,754,1,3,2,4,3,24
70,36,16,36,13,1.8,1.8,1.7,1.8,1.8,1.9,1.32,1.32,1.32,1.32,1.38,1.38,46.2,4.3,100,519,100,520,100,521,100,521,100,523,100,522,257,2566,262,2624,254,2537
71,55,8,58,6,1.6,1.6,1.5,1.6,1.6,1.6,1.12,1.12,1.12,1.15,1.15,1.15,44.8,3.4,100,1426,100,1425,100,1425,100,1425,100,1417,100,1408,229,917,198,792,260,780
72,66,15,69,15,1.4,1.4,1.4,1.4,1.6,1.6,1.32,1.32,1.32,1.31,1.35,1.35,19.1,5.6,93.33,1694,91.63,1325,89.27,1007,89.71,1055,87.94,1035,76.11,427,222,2437,276,1929,231,1845
73,74,12,59,11,1.2,1.2,1.2,1.2,1.3,1.3,1.18,1.18,1.18,1.18,1.27,1.28,17.0,6.7,0.44,5,0.46,5,0.46,5,0.47,5,0.48,5,0.49,5,,,,,,
74,49,14,45,13,1.6,1.6,1.6,1.6,1.6,1.6,1.04,1.04,1.04,1.04,1.04,1.04,67.7,3.4,100,740,100,740,100,740,100,740,100,740,100,740,30,266,34,302,27,246
75,60,7,72,34,1.3,1.3,1.3,1.3,1.3,1.3,1.13,1.12,1.13,1.11,1.14,1.14,52.2,4.5,0,0,0,0,0,0,0,0,0,0,0,0,,,,,,
76,64,2,68,19,1.3,1.3,1.2,1.2,1.3,1.3,1.13,1.12,1.12,1.12,1.15,1.15,46.8,8.5,7.84,92,7.84,92,7.63,88,7.87,87,8.66,84,10.17,80,234,234,256,256,250,250
77,73,9,64,8,1.4,1.4,1.4,1.4,1.4,1.4,1.19,1.19,1.19,1.19,1.24,1.24,57.1,10.4,50.49,1133,50.49,1133,50.51,1134,64.86,1456,66.57,1416,66.52,1363,14,43,37,111,34,101
78,57,12,53,12,1.5,1.3,1.3,1.3,1.3,1.3,1.17,1.17,1.17,1.17,1.17,1.17,49.4,5.5,93.47,859,93.47,859,93.36,858,93.97,857,94.98,851,95.7,801,27,271,33,328,34,335
79,50,13,43,14,1.2,1.2,1.2,1.2,1.2,1.2,1,1,1,1,1.05,1.05,36.0,0.7,100,679,100,679,100,518,100,518,100,679,100,679,65,326,70,351,79,393
80,67,21,60,14,1.3,1.3,1.3,1.3,1.4,1.3,1.27,1.27,1.27,1.27,1.27,1.23,7.8,1.1,95.81,1121,1.02,12,0,0,0,0,1.02,12,0,0,,,,,,
81,63,15,63,7,1.3,1.3,1.3,1.3,1.3,1.3,1.06,1.06,1.06,1.06,1.06,1.06,60.5,3.2,95.92,447,95.92,447,95.37,433,95.81,435,95.15,432,94.05,427,5,16,13,27,13,25
82,75,10,69,9,1.5,1.5,1.4,1.5,1.5,1.5,1.24,1.24,1.24,1.26,1.26,1.24,54.5,5.4,87.94,1043,87.77,1019,90.12,1022,90.69,818,90.69,818,90.69,818,12,36,12,37,14,41
83,46,13,46,13,1.1,1.1,1.1,1.1,1.2,1,1.02,1.02,1.02,1.02,1.05,1.04,0.0,,0,0,0,0,0,0,0,0,0,0,0,0,,,,,,
84,51,13,50,17,1.3,1.3,1.3,1.3,1.4,1.2,1.16,1.16,1.16,1.17,1.27,1.23,6.8,1.6,14.18,37,16.09,37,20,48,22.35,59,0,0,0,0,20,20,0,0,,
85,46,18,43,15,1.9,1.9,2,1.9,2,1.9,1.26,1.26,1.26,1.26,1.26,1.26,58.3,4.6,100,763,100,767,100,769,100,771,100,776,100,781,188,1506,171,1540,175,1573
86,58,5,66,6,1.3,1.3,1.3,1.3,1.2,1.2,1,1,1,1,1,1,75.6,1.7,100,1116,100,1116,100,1116,100,1116,100,993,100,1050,75,522,89,621,98,686
87,53,19,51,16,1.6,1.6,1.6,1.6,1.6,1.6,1.15,1.15,1.15,1.15,1.15,1.15,79.3,4.1,100,696,100,682,100,681,100,682,100,684,100,690,235,1648,249,1742,251,1756
88,52,9,64,9,1.8,1.8,1.8,1.8,1.7,1.7,1.21,1.21,1.21,1.21,1.24,1.24,60.2,5.5,100,483,100,475,100,466,100,469,100,474,100,481,32,473,34,517,34,508
89,73,5,73,13,1.7,1.7,1.7,1.7,1.4,1.4,1.1,1.1,1.1,1.1,1.1,1.1,42.0,2.6,99.09,545,99.09,545,99.09,544,99.09,545,98.91,543,98.91,543,39,195,50,248,45,227
90,67,10,69,11,1.9,1.9,1.9,1.9,1.9,1.9,1.19,1.19,1.19,1.19,1.19,1.19,46.0,2.8,100,829,100,828,100,828,100,828,100,828,100,826,108,1398,127,1653,131,1706
91,73,9,73,2,1.3,1.3,1.4,1.3,1.2,1.3,1.07,1.07,1.07,1.07,1.08,1.08,26.9,1.8,67.18,563,67.18,563,67.7,568,67.22,564,67.22,564,67.02,563,0,0,0,0,0,1
92,49,8,47,7,1.3,1.3,1.3,1.3,1.4,1.3,1.31,1.31,1.31,1.31,1.31,1.31,21.2,1.9,100,1476,100,1344,100,1344,100,1330,100,1058,100,909,119,715,95,668,86,605
93,22,7,28,7,1.3,1.3,1.2,1.3,1.2,1.2,1.25,1.23,1.23,1.23,1.16,1.16,25.7,3.1,100,624,100,624,100,624,100,624,100,624,100,624,98,492,98,590,96,575
94,26,11,33,10,1.4,1.4,1.5,1.4,1.4,1.4,1.26,1.27,1.27,1.27,1.19,1.19,27.1,3.7,95.76,361,95.77,362,95.24,360,95.25,361,92.61,351,100,379,64,511,56,557,51,511
95,46,16,47,15,1.3,1.3,1.3,1.3,1.3,1.3,1.17,1.17,1.17,1.17,1.16,1.16,47.8,4.7,64.73,435,64.73,435,64.73,435,64.73,435,100,672,100,672,42,42,18,144,18,147
96,42,7,41,7,1.3,1.3,1.3,1.3,1.4,1.4,1.18,1.2,1.17,1.17,1.23,1.24,32.3,5.6,97.22,1920,97.25,1872,97.16,1812,97.06,1751,96.52,1469,95.51,1127,100,1004,102,1015,104,1035
97,51,6,55,9,1.3,1.3,1.3,1.3,1.3,1.3,1.07,1.07,1.08,1.08,1.08,1.08,44.1,5.3,68.79,1104,68.25,1077,65.68,1022,67.85,1055,67.68,1049,67.68,1049,67,134,99,199,100,201
98,78,15,71,7,1.1,1.1,1.1,1.1,1.1,1.1,1.09,1.08,1.08,1.07,1.09,1.09,39.9,6.1,65.67,746,61.09,606,60.7,593,60,567,59.09,546,1.75,16,20,20,19,19,1,1
99,59,6,60,27,1.5,1.5,1.5,1.5,1.5,1.5,1.22,1.22,1.22,1.22,1.22,1.22,37.6,3.5,94.57,610,94.57,610,94.88,612,94.57,610,94.57,610,94.57,609,30,212,54,324,65,453
100,54,17,54,8,1.3,1.3,1.2,1.3,1.2,1.3,1.05,1.05,1.05,1.05,1.06,1.05,44.6,5.3,100,699,100,697,100,699,98.43,690,100,701,100,701,63,1388,60,1384,60,1382
101,59,9,66,13,1.9,1.9,1.9,1.9,1.9,1.9,1.18,1.18,1.18,1.18,1.18,1.18,78.4,3.1,100,729,100,727,100,728,100,728,100,728,100,729,108,538,82,980,94,1127
102,74,6,69,10,1.2,1.2,1.1,1.1,1.2,1.1,1.02,1.02,1.02,1.02,1.02,1.02,35.8,1.9,55.62,292,100,525,100,525,100,524,100,523,100,524,7,20,10,29,8,25
103,70,11,73,25,1.5,1.5,1.4,1.5,1.5,1.4,1.14,1.14,1.14,1.08,1.08,1.08,61.8,2.5,100,481,100,481,100,480,100,480,100,481,100,479,729,1458,627,1882,130,259
105,58,9,61,11,1.5,1.5,1.5,1.5,1.5,1.5,1.31,1.31,1.31,1.32,1.32,1.32,36.2,2.7,95.01,913,94.47,820,94.01,737,92.42,585,90.86,477,89.17,387,6,13,6,12,5,10
106,35,11,39,17,1.4,1.4,1.4,1.4,1.4,1.4,1.12,1.12,1.12,1.12,1.12,1.12,62.3,2.4,100,729,100,729,100,729,100,729,100,729,100,729,23,251,25,280,28,305
107,67,18,64,17,1.4,1.4,1.4,1.4,1.4,1.2,1.16,1.16,1.16,1.15,1.15,1.15,18.0,1.0,100,651,100,675,100,675,100,1071,100,1071,100,1071,82,247,92,276,101,303
108,81,8,83,6,1.3,1.3,1.3,1.3,1.3,1.3,1.05,1.05,1.05,1.05,1.07,1.07,,,59.74,328,59.74,328,59.85,328,59.74,328,59.78,327,59.96,328,146,146,167,167,177,177
109,77,10,76,11,1.2,1.2,1.2,1.2,1.2,1.2,1.12,1.11,1.11,1.11,1.13,1.09,42.4,8.4,46.95,462,46.97,458,44.56,422,44.25,404,45.41,396,44.02,368,72,288,72,288,71,283
110,78,10,76,28,1.2,1.1,1.2,1.1,1.2,1.2,1.13,1.08,1.08,1.08,1.14,1.14,15.3,2.6,32.45,246,33.03,251,32.98,251,33.03,250,33.07,251,33.29,251,4,7,4,7,3,6
111,58,11,54,13,1.4,1.3,1.3,1.3,1.3,1.3,1.2,1.19,1.19,1.19,1.17,1.17,44.9,7.5,77.5,1071,85.49,937,85.09,919,87.3,1004,85.18,931,88.41,786,28,114,1,5,3,3
112,67,12,69,27,1.2,1.2,1.2,1.2,1.3,1.2,1.13,1.13,1.14,1.14,1.22,1.21,11.3,2.1,0,0,0,0,0,0,0,0,0,0,0,0,,,,,,
113,71,6,71,21,1.3,1.3,1.3,1.3,1.4,1.4,1.1,1.09,1.09,1.1,1.14,1.15,37.8,8.1,11.63,175,11.77,175,5.46,79,5.35,76,5.52,76,5.72,76,,,,,,
114,40,13,26,12,1.4,1.4,1.3,1.4,1.3,1.4,1.15,1.15,1.13,1.13,1.16,1.19,39.7,4.4,100,524,100,441,100,441,100,424,100,426,100,546,8,210,10,208,11,241
115,70,9,73,9,1.8,1.8,1.6,1.5,1.5,1.4,1.32,1.31,1.31,1.31,1.29,1.31,79.0,15.5,0,0,0,0,0,0,0,0,0,0,0,0,,,,,,
116,39,5,39,7,1.4,1.3,1.4,1.3,1.4,1.4,1.3,1.29,1.29,1.29,1.32,1.32,,,95.79,1319,95.99,1269,97.15,1227,97.98,1211,97.74,1170,94.29,1056,782,38337,820,39345,879,39535
117,62,6,61,9,1.5,1.5,1.5,1.5,1.4,1.4,1.09,1.08,1.08,1.08,1.08,1.08,58.0,7.9,36.69,575,34.15,504,33.47,495,32.42,471,27.87,393,26.44,358,,,,,,
118,89,4,85,10,1.2,1.2,1.1,1.2,1.2,1.2,1.04,1.04,1.04,1.04,1.06,1.06,,,69.37,308,69.3,307,71.06,307,71.83,306,72.84,303,0,0,3,5,2,2,0,0
119,73,27,71,46,1.4,1.4,1.4,1.3,1.3,1.3,1.25,1.25,1.26,1.26,1.21,1.21,18.2,3.0,79.61,371,79.87,373,79.87,373,79.87,373,79.7,373,79.74,374,48,240,43,216,51,203
120,46,14,53,15,1.4,1.4,1.4,1.4,1.4,1.4,1.21,1.21,1.21,1.21,1.21,1.21,49.7,4.2,100,611,100,584,100,579,100,598,100,594,100,596,79,1259,79,1430,91,1463
121,37,7,49,11,1.6,1.5,1.5,1.5,1.6,1.5,1.18,1.18,1.18,1.18,1.21,1.19,28.6,3.7,100,826,100,825,100,824,100,826,100,825,100,826,55,935,68,1148,71,1210
122,#DIV/0!,#DIV/0!,,,1.2,1.2,1.1,1.1,1.3,1.3,1.14,1.15,1.14,1.12,1.26,1.28,13.2,3.4,,,,,,,,,,,,,449,2694,340,2038,329,1971
123,66,12,72,22,1.4,1.4,1.4,1.4,1.4,1.4,1.16,1.16,1.16,1.16,1.2,1.2,45.6,7.2,98.81,1075,98.81,1075,98.81,1075,98.71,1074,98.62,1074,98.44,1072,92,3572,96,3753,97,3890
124,37,8,40,10,1.8,1.8,1.8,1.8,1.9,1.9,1.32,1.32,1.32,1.32,1.35,1.35,70.8,9.7,100,885,100,885,100,888,100,890,100,890,100,890,112,5036,122,5492,125,5607
125,71,16,72,21,1.5,1.5,1.5,1.5,1.5,1.4,1.2,1.2,1.19,1.19,1.19,1.19,26.1,6.4,99.59,1223,40.76,485,34.3,368,34.64,370,32.76,343,33.14,341,66,332,43,214,42,169
126,53,26,56,34,1.4,1.4,1.4,1.5,1.6,1.5,1.32,1.32,1.3,1.35,1.47,1.35,38.1,1.9,100,417,100,343,100,290,100,251,100,189,100,41,146,582,157,629,161,644
127,69,14,68,15,1.3,1.3,1.4,1.3,1.3,1.3,1.08,1.08,1.08,1.08,1.1,1.12,53.3,4.4,98.75,1110,98.58,975,98.58,975,98.58,974,98.58,975,98.68,975,431,5599,476,6191,429,5578
128,65,9,62,9,1.8,1.8,1.8,1.8,1.8,1.8,1.3,1.3,1.3,1.3,1.3,1.3,47.9,3.3,79.57,810,100,1019,100,1042,100,1043,100,1044,100,1044,68,610,58,641,61,676
129,67,11,60,10,1.5,1.5,1.5,1.5,1.4,1.5,1.03,1.03,1.03,1.03,1.06,1.06,35.8,3.7,94.59,822,94.59,822,94.94,825,94.59,822,95.86,833,95.97,834,8,25,9,27,8,24
130,76,10,78,13,1.3,1.3,1.2,1.3,1.4,1.2,1.13,1.12,1.12,1.12,1.21,1.21,36.4,12.9,0,0,0,0,0,0,0,0,0,0,0,0,,,,,,
131,78,9,80,13,1.3,1.3,1.3,1.3,1.3,1.3,1.07,1.07,1.07,1.07,1.08,1.08,33.7,2.4,22.17,178,22.17,178,22.19,178,22.38,177,23.31,176,20.31,144,,,,,,
132,81,43,62,47,1.8,1.8,1.8,1.8,1.7,1.7,1.19,1.19,1.19,1.19,1.19,1.19,52.7,2.3,100,275,100,279,100,281,91.46,257,100,279,100,280,6,30,12,60,15,73
133,30,8,32,10,1.6,1.6,1.6,1.6,1.4,1.3,1.14,1.14,1.14,1.14,1.18,1.14,66.3,2.5,100,549,100,627,100,627,100,626,100,627,100,626,33,33,19,19,12,12
134,69,12,66,18,1.3,1.3,1.3,1.3,1.3,1.3,1.18,1.18,1.18,1.18,1.18,1.18,30.8,1.0,100,449,100,449,100,449,100,449,100,449,100,449,11,22,12,24,6,11
135,63,12,67,14,1.1,1.1,1.1,1.1,1.1,1,1,1,1,1,1,1,55.9,1.7,100,555,100,555,100,555,100,555,100,555,100,554,81,406,82,408,90,448
136,80,5,68,8,1.3,1.3,1.3,1.3,1.4,1.4,1.17,1.17,1.17,1.17,1.21,1.24,59.3,7.0,34.36,290,35.23,291,34.71,285,34.49,278,28.64,226,28.18,215,40,81,34,68,33,67
137,49,16,57,12,1.3,1.3,1.3,1.3,1.3,1.3,1.11,1.11,1.11,1.11,1.13,1.16,42.6,5.3,70.22,389,70.34,389,8.23,45,6.2,34,6.53,36,7.34,40,70,139,70,140,65,130
138,86,11,84,23,1.3,1.3,1.3,1.3,1.3,1.3,1.18,1.18,1.18,1.18,1.19,1.19,27.3,2.7,100,249,100,250,100,251,100,251,100,251,100,252,67,534,66,531,68,547
139,70,20,73,4,1.3,1.3,1.3,1.3,1.4,1.3,1.16,1.16,1.16,1.16,1.17,1.16,36.9,5.4,100,658,100,660,100,660,100,660,100,661,100,558,25,407,23,360,24,389
140,53,7,55,6,1.4,1.4,1.4,1.4,1.3,1.3,1.18,1.18,1.18,1.19,1.17,1.16,29.8,6.5,66.54,716,66.57,715,66.6,716,88.65,953,88.65,953,87.71,871,29,321,27,432,29,436
141,72,23,73,22,1.4,1.4,1.4,1.4,1.4,1.4,1.31,1.31,1.31,1.31,1.36,1.36,18.4,2.8,100,337,100,338,100,342,100,340,100,344,100,360,33,927,35,973,36,995
142,52,10,54,7,1.5,1.5,1.5,1.5,1.5,1.5,1.16,1.16,1.16,1.16,1.17,1.17,58.2,4.4,100,1298,100,1299,100,1299,100,1299,100,1299,100,1299,31,532,36,606,30,566
143,77,12,69,16,1.6,1.6,1.5,1.6,1.6,1.4,1.04,1.04,1.05,1.07,1.07,1.07,42.7,3.2,99.68,626,99.68,618,99.68,616,99.68,619,99.68,618,99.68,615,9,53,8,50,9,52
144,78,3,82,7,1.1,1.1,1,1.1,1,1.1,1.03,1.03,1.03,1.03,1.03,1.03,,,100,988,100,983,100,966,100,955,100,921,99.67,911,2,2,,,,
145,70,5,69,8,1.1,1.1,1.1,1.1,1.2,1.1,1.03,1.03,1.03,1.03,1.08,1.08,,,60.74,393,60.68,392,59.75,386,60.68,392,60.68,392,60.53,391,3,14,6,23,5,19
146,89,6,80,14,1.5,1.5,1.5,1.5,1.4,1.4,1.15,1.15,1.15,1.15,1.15,1.18,40.2,3.5,84.75,589,84.6,588,84.56,564,84.72,560,84.72,560,84.29,542,25,126,29,143,29,145
147,75,12,75,14,1.2,1.2,1.2,1.2,1.3,1.3,1.05,1.05,1.05,1.05,1.06,1.06,25.6,2.3,100,1121,100,1031,100,1083,100,1069,100,1060,100,1042,2,8,3,16,1,8
148,71,6,67,7,1.4,1.4,1.4,1.4,1.4,1.4,1.08,1.08,1.08,1.08,1.09,1.09,38.4,4.8,54.18,525,53.77,506,53.72,505,53.56,504,51.65,486,52.32,485,6,13,12,25,15,29
149,79,27,78,17,1.3,1.3,1.3,1.3,1.4,1.4,1.22,1.22,1.22,1.22,1.27,1.27,21.8,2.3,0,0,0,0,0,0,0,0,0,0,0,0,,,,,,
150,66,13,64,12,1.4,1.4,1.4,1.4,1.3,1.3,1.1,1.09,1.09,1.09,1.09,1.09,32.9,2.6,45.31,309,45.37,309,45.44,309,45.44,309,45.44,309,45.44,309,,,,,,
151,63,7,65,7,1.5,1.5,1.5,1.5,1.5,1.5,1.16,1.16,1.16,1.16,1.16,1.16,82.7,11.6,0,0,0,0,0,0,0,0,0,0,0,0,,,,,,
152,61,12,48,26,1.2,1.2,1.1,1.2,1.2,1.3,1.11,1.11,1.11,1.11,1.08,1.22,6.7,0.8,0,0,0,0,0,0,0,0,0,0,0,0,,,,,,
153,56,9,62,8,1.5,1.5,1.5,1.5,1.5,1.5,1.08,1.08,1.08,1.07,1.08,1.09,72.8,12.2,52.28,641,35.32,433,35.18,431,35.35,433,35.35,433,35.27,432,,,,,,
154,56,8,61,9,1.7,1.7,1.6,1.6,1.6,1.7,1.05,1.05,1.05,1.05,1.05,1.05,56.6,6.1,90.73,1038,83.57,956,82.94,948,83.64,956,83.57,956,82.85,947,11,42,9,37,14,55
155,64,7,72,7,1.3,1.3,1.2,1.3,1.3,1.3,1.05,1.05,1.05,1.04,1.12,1.06,23.6,3.3,0,0,0,0,0,0,0,0,13.75,136,13.77,133,2,3,3,9,66,264
156,73,13,65,14,1.2,1.2,1.2,1.2,1.2,1.2,1.08,1.08,1.08,1.08,1.11,1.11,52.8,8.6,72.64,937,73.1,921,73.02,915,75.56,912,77,897,78.02,859,35,243,32,226,38,229
157,58,6,52,9,1.5,1.5,1.5,1.5,1.5,1.5,1.29,1.29,1.29,1.29,1.31,1.31,74.0,8.7,100,279,100,282,100,288,100,288,100,391,100,459,86,3610,88,3699,105,4393
158,62,9,59,9,1.4,1.4,1.4,1.4,1.4,1.4,1.1,1.1,1.1,1.1,1.19,1.18,45.0,8.3,65.61,866,65.5,858,64.98,837,64.83,835,66.98,862,67.61,856,18,346,20,379,20,375
159,43,12,47,14,1.8,1.8,1.8,1.8,1.8,1.8,1.25,1.25,1.25,1.25,1.27,1.29,36.1,2.5,100,421,100,419,100,397,100,389,100,381,100,374,43,608,47,707,52,781
160,66,15,69,11,1.3,1.3,1.3,1.3,1.3,1.3,1.13,1.13,1.13,1.13,1.15,1.15,30.7,5.3,100,1105,100,1106,100,1106,100,1107,100,1106,100,1107,35,657,28,636,32,746
161,75,19,57,15,1.3,1.3,1.3,1.3,1.2,1.1,1.13,1.12,1.13,1.13,1.08,1.08,41.4,2.4,90.71,1054,92.62,1054,92.95,1054,92.95,1054,93.36,1054,93.4,1061,127,380,145,434,147,442
162,82,5,78,4,1.4,1.4,1.4,1.4,1.4,1.4,1.08,1.08,1.08,1.08,1.08,1.08,40.0,3.8,100,695,100,696,100,696,100,696,100,700,100,701,54,700,57,744,26,337
163,26,9,26,7,1.8,1.8,1.8,1.8,1.8,1.8,1.44,1.44,1.44,1.44,1.46,1.48,97.9,7.0,100,837,100,522,100,528,100,544,100,540,100,539,45,627,35,559,31,493
164,62,8,60,9,1.9,1.9,2,1.9,1.9,2,1.27,1.27,1.27,1.28,1.28,1.2,72.2,9.0,100,1668,100,1763,100,1766,100,1744,100,1815,98.41,1794,126,2388,138,2614,147,2643
165,71,17,61,18,1.4,1.4,1.3,1.4,1.4,1.4,1.05,1.05,1.05,1.05,1.05,1.05,57.3,2.6,99.23,902,99.23,902,99.12,903,99.23,904,99.23,904,99.34,908,347,694,333,667,244,732
166,57,23,62,16,1.5,1.5,1.5,1.5,1.6,1.4,1.14,1.14,1.14,1.14,1.22,1.22,40.5,1.5,100,538,100,538,100,537,100,538,100,538,100,538,49,292,45,272,94,563
167,56,13,64,12,1.4,1.4,1.4,1.4,1.4,1.3,1,1,1,1,1,1,64.6,2.2,100,361,100,360,100,359,100,361,100,361,100,361,19,136,24,168,68,477
168,80,12,81,13,1.4,1.4,1.4,1.4,1.4,1.4,1.2,1.17,1.17,1.17,1.17,1.17,37.3,2.4,78.2,495,100,633,100,634,100,633,100,633,100,633,18,73,22,87,9,63
169,59,12,58,13,1.5,1.5,1.5,1.5,1.5,1.5,1.14,1.14,1.14,1.15,1.16,1.13,57.5,4.7,0,0,0,0,0,0,0,0,0,0,0,0,,,,,,
170,68,7,64,12,1.4,1.4,1.4,1.4,1.3,1.3,1.13,1.11,1.11,1.11,1.11,1.14,68.0,6.0,0,0,0,0,0,0,0,0,0,0,0,0,,,,,,
171,48,10,56,14,1.2,1.2,1.2,1.2,1.2,1.2,1.12,1.12,1.09,1.11,1.13,1.12,34.6,2.8,86.19,437,86.19,437,84.16,372,82.41,328,82.63,333,82.63,333,27,109,57,229,48,191
172,67,6,72,11,1.4,1.4,1.4,1.4,1.4,1.4,1.32,1.34,1.31,1.27,1.31,1.3,43.9,9.5,53.15,607,52.9,601,52.95,602,52.82,599,51.85,576,49.91,528,105,105,189,189,175,175
173,39,10,60,10,1.2,1.2,1.2,1.2,1.2,1.2,1.05,1.05,1.05,1.05,1.05,1.05,45.9,2.5,100,426,100,424,100,417,100,403,100,391,100,379,10,61,11,66,14,83
174,34,13,29,11,1.2,1.2,1.1,1.2,1.3,1.2,1.14,1.14,1.14,1.14,1.23,1.2,21.8,6.7,28.23,175,27.96,175,28.23,177,28.23,177,2.23,14,2.54,16,1,2,1,5,1,6
175,66,12,65,9,1.4,1.4,1.4,1.4,1.4,1.4,1.09,1.09,1.09,1.09,1.09,1.09,18.9,2.2,1.16,8,1.16,8,1.16,8,1.16,8,0.15,1,0.15,1,,,,,,
176,66,10,69,11,1.5,1.5,1.5,1.5,1.5,1.5,1.11,1.11,1.11,1.11,1.11,1.11,54.3,7.4,29.55,344,29.6,344,29.49,343,29.6,344,25.04,291,24.96,290,,,,,,
177,65,19,76,17,1.4,1.4,1.4,1.4,1.4,1.4,1.1,1.1,1.1,1.1,1.14,1.11,35.2,3.5,98.71,920,98.49,783,98.48,780,98.48,776,98.48,775,98.31,698,0,0,0,2,0,1
178,42,8,41,8,1.4,1.3,1.3,1.3,1.3,1.3,1.25,1.22,1.2,1.19,1.2,1.19,34.9,7.8,78.79,1066,78.03,1023,78.18,1025,75.7,891,72.18,742,72.18,742,16,409,19,464,20,483
179,65,17,71,16,1.6,1.6,1.7,1.6,1.6,1.6,1.16,1.16,1.16,1.16,1.16,1.16,38.5,4.6,76.63,600,72.3,475,72.42,478,72.71,485,72.67,484,72.67,484,6,48,10,77,12,95
180,56,7,70,30,1.5,1.4,1.4,1.4,1.4,1.4,1.11,1.11,1.11,1.11,1.11,1.11,54.9,3.9,89.64,476,89.64,476,91.54,476,94.44,476,94.2,455,94.84,441,59,235,54,272,49,246
181,59,8,58,8,1.5,1.5,1.5,1.5,1.4,1.4,1.07,1.07,1.07,1.07,1.07,1.07,53.7,7.9,70.5,896,70.47,895,70.4,892,70.29,887,53.56,662,54.11,659,3,29,4,36,3,23
182,60,7,73,15,1.5,1.5,1.5,1.5,1.5,1.6,1.26,1.26,1.26,1.26,1.32,1.32,63.5,4.7,100,268,100,268,100,268,100,268,100,268,100,268,36,641,37,668,36,650
183,91,13,94,14,1.4,1.4,1.4,1.4,1.3,1.4,1,1,1,1,1.03,1,64.7,3.0,97.72,343,97.72,343,97.71,342,97.72,343,97.73,344,97.7,340,17,100,15,92,25,150
184,48,7,44,8,2.1,2.1,2.1,2.1,2.1,2.2,1.36,1.36,1.36,1.36,1.4,1.4,61.9,4.4,100,696,100,684,100,689,100,691,100,690,100,867,,,,,,
185,48,8,46,6,1.1,1.1,1,1.1,1.1,1,1.03,1.03,1.03,1.04,1.04,1,52.8,1.8,100,1369,100,1369,100,1367,100,1366,100,1368,100,1368,37,224,44,263,43,257
186,74,6,73,7,1.5,1.5,1.5,1.4,1.4,1.3,1.07,1.07,1.07,1.07,1.07,1.07,58.8,6.6,72.69,607,72.56,603,72.71,602,72.79,602,73.33,605,69.3,571,83,417,93,463,84,418
187,63,17,61,14,1.3,1.3,1.3,1.3,1.3,1.3,1.07,1.07,1.07,1.07,1.07,1.07,53.6,3.0,0,0,0,0,0,0,0,0,0,0,0,0,,,,,,
188,42,13,45,14,1.3,1.3,1.2,1.2,1.2,1.2,1.15,1.15,1.15,1.15,1.14,1.14,31.7,2.9,0,0,0,0,0,0,0,0,0,0,0,0,,,,,,
189,84,11,78,14,1.6,1.6,1.6,1.6,1.6,1.6,1.05,1.05,1.05,1.05,1.05,1.05,77.1,2.1,100,453,100,453,100,453,92.27,418,92.27,418,92.49,419,,,,,,
190,77,19,40,8,1.5,1.5,1.5,1.5,1.5,1.4,1.19,1.19,1.19,1.19,1.23,1.23,37.0,4.2,100,385,100,378,100,382,97.91,374,97.91,374,97.92,376,18,303,18,309,19,327
191,65,9,61,7,1.3,1.3,1.4,1.3,1.3,1.4,1.07,1.07,1.07,1.07,1.07,1.07,37.4,4.0,22.86,216,22.86,216,22.86,216,22.86,216,23.07,218,23.2,219,,,,,,
192,63,9,59,11,1.2,1.2,1.2,1.2,1.2,1.2,1.18,1.18,1.18,1.19,1.21,1.21,34.5,7.2,80.27,964,81.79,907,84.76,873,87.29,831,88.78,807,89.63,761,9,85,15,123,17,135
193,45,15,39,13,1.6,1.6,1.6,1.5,1.4,1.5,1.19,1.19,1.19,1.19,1.19,1.21,35.7,2.7,100,573,100,566,100,567,100,567,100,569,100,570,9,100,12,131,12,128
194,73,9,77,9,1.2,1.2,1.2,1.2,1.2,1.2,1.05,1.05,1.05,1.06,1.06,1.05,,,72.46,792,71.66,746,71.3,723,71.44,718,57.75,581,14.91,149,6,24,4,17,0,1
195,80,10,68,8,1.2,1.2,1.1,1.2,1.3,1.3,1.19,1.17,1.15,1.14,1.25,1.21,40.1,5.5,0,0,0,0,0,0,0,0,0,0,0,0,,,,,,
196,49,14,46,10,1.3,1.3,1.3,1.3,1.3,1.3,1.11,1.11,1.14,1.14,1.18,1.18,53.9,5.4,88.01,653,87,649,86.72,640,86.5,628,86.81,625,86.94,626,28,113,54,218,53,212
197,59,7,55,10,1.5,1.5,1.4,1.5,1.4,1.4,1.13,1.13,1.13,1.13,1.13,1.14,28.7,2.3,87.71,871,87.71,871,87.71,871,87.71,871,88.12,875,87.4,867,21,103,21,106,4,21
198,56,23,72,18,1.4,1.4,1.4,1.4,1.4,1.3,1.09,1.09,1.09,1.09,1.09,1.09,46.7,2.9,100,824,100,820,100,816,100,815,100,806,100,693,10,157,11,158,10,152
199,33,12,42,14,1.3,1.3,1.3,1.3,1.4,1.2,1.16,1.16,1.16,1.16,1.18,1.18,41.0,4.3,100,1296,100,1296,100,1296,100,1296,100,1254,100,1248,175,1578,176,1586,161,1449
200,48,15,54,15,1.6,1.6,1.5,1.3,1.4,1.4,1.22,1.18,1.18,1.18,1.28,1.28,94.1,1.9,100,425,100,425,100,240,100,240,100,235,100,235,55,387,53,369,51,357
201,72,14,64,13,1.5,1.5,1.5,1.4,1.4,1.4,1.11,1.11,1.11,1.13,1.14,1.13,40.4,6.2,95.83,1127,95.78,1111,95.75,1104,95.76,1108,49.87,576,47.92,552,4,24,2,12,0,1
202,70,6,71,24,1.3,1.3,1.3,1.3,1.3,1.3,1,1,1,1,1.01,1.02,45.8,2.6,98.88,705,98.88,705,98.88,705,98.88,706,98.88,706,98.74,704,79,551,97,679,88,967
203,69,15,70,13,1.5,1.5,1.6,1.4,1.5,1.5,1.16,1.16,1.16,1.13,1.14,1.14,42.7,4.6,0,0,0,0,0,0,0,0,0,0,0,0,,,,,,
204,54,10,62,8,1.3,1.3,1.3,1.3,1.3,1.3,1.14,1.12,1.12,1.12,1.12,1.15,74.1,4.6,0,0,0,0,0,0,0,0,0,0,0,0,,,,,,
205,72,8,69,13,1.2,1.2,1.2,1.2,1.2,1.2,1.04,1.04,1.04,1.04,1.04,1,33.2,2.4,56.97,184,56.6,180,56.19,177,55.48,172,53.25,164,33.77,104,8,15,11,23,10,21
206,70,10,70,10,1.4,1.4,1.4,1.4,1.4,1.4,1.12,1.12,1.12,1.12,1.12,1.12,84.1,4.5,100,565,100,565,100,566,100,566,97.7,553,89.22,505,61,304,71,355,80,320
207,53,10,59,14,1.4,1.4,1.3,1.4,1.5,1.4,1.33,1.33,1.33,1.33,1.4,1.39,30.8,4.0,100,1854,100,1826,100,1494,100,1515,100,1044,100,988,51,461,41,406,39,388
208,33,8,33,9,1.6,1.6,1.6,1.6,1.6,1.6,1.2,1.2,1.2,1.2,1.2,1.2,35.5,4.3,81.62,613,96.45,706,96.58,706,96.73,711,100,721,100,717,2,19,3,32,3,50
209,64,12,71,12,1.4,1.4,1.3,1.3,1.4,1.4,1.14,1.14,1.14,1.14,1.22,1.21,52.3,8.2,64.58,972,65.48,971,68.47,988,65.94,759,66.39,711,66.98,702,52,261,47,234,41,207
210,63,14,54,12,1.7,1.7,1.7,1.7,1.7,1.1,1.08,1.08,1.08,1.1,1.1,1.1,51.1,2.7,100,1519,73.74,1112,73.67,1108,68.7,869,68.77,872,68.77,872,29,29,17,17,27,27
211,79,5,74,8,1.5,1.5,1.5,1.5,1.4,1.4,1.07,1.07,1.07,1.07,1.08,1.08,49.5,5.8,0,0,0,0,0,0,0,0,0,0,0,0,,,,,,
212,46,18,41,14,1.6,1.6,1.6,1.6,1.6,1.6,1.27,1.27,1.27,1.27,1.2,1.2,54.6,5.5,100,499,100,499,100,499,100,499,100,499,100,499,406,4871,444,4882,500,5002
213,65,5,62,13,1.5,1.5,1.5,1.6,1.6,1.6,1.13,1.11,1.14,1.17,1.17,1.17,46.5,3.6,100,588,100,589,100,602,100,629,100,627,100,626,7,70,8,78,16,126
215,47,17,50,16,1.5,1.5,1.5,1.4,1.4,1.4,1.09,1.09,1.09,1.09,1.09,1.09,53.4,3.6,78.08,260,77.95,258,77.74,255,77.68,254,77.54,252,77.85,253,2,10,3,16,3,18
216,80,5,77,21,1.5,1.5,1.5,1.5,1.4,1.5,1.05,1.02,1.02,1.02,1.02,1.02,36.1,1.8,100,374,100,371,100,362,100,359,100,362,100,361,1,10,2,16,3,18
217,57,16,56,12,1.5,1.5,1.5,1.5,1.5,1.5,1.08,1.08,1.08,1.08,1.08,1.08,34.4,3.1,89.86,461,89.66,451,89.74,455,89.7,453,89.8,449,89.78,448,2,5,4,11,3,10
218,61,15,57,15,1.5,1.5,1.5,1.5,1.6,1.7,1.04,1.04,1.04,1.04,1.06,1.06,46.0,4.9,90.86,1114,89.56,961,89.66,963,90.86,1114,91.27,1118,91.35,1119,19,75,20,79,28,84
219,57,11,53,11,1.4,1.4,1.3,1.3,1.3,1.3,1.16,1.16,1.16,1.16,1.16,1.16,27.5,5.4,92.41,925,92.36,919,92.26,906,88.71,699,89.53,701,92.66,694,103,2368,97,2139,94,2256
220,77,8,80,35,1.5,1.5,1.5,1.5,1.5,1.3,1.11,1.11,1.11,1.11,1.19,1.19,,,52.12,344,52.2,344,51.67,341,52.12,344,51.96,344,51.96,344,,,,,,
221,57,10,46,22,1.2,1.2,1.2,1.2,1.2,1.2,1.15,1.15,1.15,1.15,1.16,1.18,28.5,2.6,50.21,593,50.38,594,50.51,594,43.16,442,42.79,427,42.24,422,,,,,,
222,78,14,75,11,1.6,1.6,1.5,1.6,1.5,1.5,1.11,1.11,1.11,1.11,1.11,1.11,35.8,2.9,89.26,607,89.26,607,89.17,601,89.14,599,89.15,600,89.17,601,8,23,7,22,6,19
223,61,10,59,7,1.5,1.5,1.5,1.5,1.5,1.5,1.22,1.22,1.22,1.22,1.22,1.22,40.0,3.1,75.61,496,99.7,655,99.7,665,99.7,673,99.7,673,99.71,676,17,135,19,152,24,192
224,42,13,41,13,1.3,1.3,1.3,1.3,1.4,1.4,1.12,1.12,1.12,1.12,1.12,1.12,46.8,4.2,96.18,1031,96.18,1031,96.18,1031,96.18,1031,28.17,302,27.99,300,9,9,4,4,,
225,76,13,78,14,1.4,1.4,1.4,1.4,1.6,1.2,1.16,1.16,1.17,1.15,1.19,1.18,14.1,1.3,0,0,0,0,0,0,0,0,0,0,0,0,,,,,,
226,56,17,52,19,1.5,1.5,1.5,1.5,1.5,1.5,1.11,1.11,1.11,1.11,1.11,1.11,44.7,1.5,100,477,100,477,100,476,100,476,100,476,100,477,14,42,24,72,32,96
227,76,6,77,3,1.3,1.3,1.2,1.2,1.2,1.2,1.04,1.04,1.04,1.04,1.07,1.07,32.4,3.2,45.54,383,45.48,382,45.48,382,45.48,382,45.58,382,0,0,0,0,1,1,0,0
228,71,21,64,17,1.4,1.5,1.5,1.5,1.7,1.4,1.2,1.2,1.25,1.28,1.32,1.39,30.3,2.4,0,0,0,0,0,0,0,0,0,0,0,0,,,,,,
229,71,14,77,31,1.3,1.3,1.2,1.2,1.2,1.2,1.19,1.19,1.19,1.19,1.21,1.2,17.1,4.0,12.59,135,14.15,135,16.03,138,17.66,136,19.2,135,12.31,74,0,0,1,1,0,0
230,45,19,36,15,1.6,1.6,1.6,1.6,1.6,1.6,1.29,1.29,1.29,1.28,1.28,1.28,44.9,3.2,100,1231,100,1232,100,1233,100,1234,100,1234,100,980,17,168,20,195,19,190
231,80,11,72,5,1.5,1.5,1.5,1.3,1.3,1.3,1.21,1.21,1.21,1.18,1.09,1.09,24.7,5.2,46.71,526,46.52,522,45.8,507,45.12,495,11.1,81,9,65,99,99,99,99,131,131
232,77,14,78,18,1.5,1.5,1.5,1.5,1.5,1.5,1.19,1.19,1.16,1.14,1.12,1.12,51.5,7.3,45.45,454,45.46,451,46.32,441,43.83,412,4.28,40,3.33,31,3,3,,,,
233,49,9,50,8,1.4,1.4,1.4,1.4,1.5,1.4,1.19,1.19,1.19,1.2,1.2,1.18,21.3,3.5,85.24,959,85.14,957,85.16,958,73.09,823,73.11,824,72.58,818,14,58,20,79,19,75
234,60,13,52,14,1.5,1.6,1.5,1.5,1.5,1.5,1.13,1.13,1.12,1.14,1.14,1.16,18.6,3.9,51.15,469,51.9,477,51.36,473,51.41,473,65.37,604,64.65,587,95,665,114,797,116,813
235,63,17,58,17,1.4,1.4,1.4,1.4,1.4,1.4,1.13,1.13,1.13,1.14,1.14,1.14,38.1,4.6,76.75,703,76.92,700,76.69,694,77.81,705,78.23,708,77.88,704,4,21,6,32,6,29
236,65,15,57,16,1.3,1.3,1.3,1.3,1.3,1.3,1.08,1.08,1.08,1.08,1.1,1.11,49.9,4.5,53.78,235,55.41,251,54.77,247,54.55,246,55.38,247,55.88,247,33,99,31,93,25,76
237,66,8,61,8,1.6,1.6,1.7,1.6,1.4,1.5,1.17,1.17,1.17,1.17,1.18,1.19,34.2,6.0,95.32,1080,68.8,732,71.25,731,71.36,710,65.07,639,63.85,604,21,234,16,239,30,269
238,54,10,53,9,1.5,1.5,1.6,1.5,1.5,1.4,1.16,1.16,1.16,1.16,1.17,1.17,32.5,4.0,75.28,661,75.34,663,76.39,673,75.4,665,75.37,664,75.26,663,,,,,,
240,49,8,46,9,1.5,1.5,1.5,1.5,1.5,1.5,1.19,1.2,1.19,1.21,1.26,1.26,55.8,6.0,100,885,100,888,100,888,100,888,100,889,98.99,879,175,1047,133,1064,144,1154
241,61,8,58,9,1.5,1.5,1.5,1.5,1.5,1.5,1.09,1.09,1.09,1.09,1.09,1.09,52.1,6.3,54.46,409,54.04,401,54.53,403,54.34,401,54.4,402,54.47,402,0,0,0,0,0,0
242,64,15,84,13,1.7,1.7,1.6,1.7,1.7,1.2,1.14,1.14,1.14,1.14,1.25,1.25,80.1,4.5,0,0,0,0,0,0,0,0,0,0,0,0,,,,,,
243,30,30,45,75,1.8,1.8,2.1,2.2,2.4,1.3,1.23,1.23,1.14,1.14,1.33,1.33,0.0,0.0,4.26,2,4.35,2,4.35,2,4.35,2,4.35,2,4.26,2,,,,,,
244,79,11,82,10,1.4,1.4,1.5,1.4,1.4,1.4,1.05,1.05,1.05,1.05,1.08,1.09,37.3,3.8,8.66,60,8.65,60,8.65,60,8.66,60,8.66,60,8.66,60,,,,,,
245,55,14,59,24,1.3,1.3,1.3,1.3,1.3,1.3,1.18,1.18,1.18,1.18,1.18,1.18,45.3,2.1,100,646,100,646,100,646,100,646,100,646,100,646,106,532,76,382,63,316
246,61,10,66,13,1.5,1.5,1.5,1.5,1.5,1.5,1.2,1.2,1.2,1.2,1.2,1.2,42.5,3.2,100,1204,100,1206,100,1206,100,1206,100,1206,100,1206,60,664,86,857,90,899
247,108,28,91,54,1.3,1.3,1.3,1.3,1.3,1.3,1.21,1.21,1.21,1.21,1.21,1.21,71.8,2.2,100,453,100,453,100,453,100,453,100,454,100,454,42,292,43,304,145,1016
248,68,15,60,13,1.3,1.3,1.3,1.4,1.4,1.4,1.07,1.07,1.07,1.15,1.15,1.15,47.9,1.4,100,836,100,836,100,836,100,836,100,836,100,836,142,711,163,817,143,716
249,60,9,76,33,1.5,1.5,1.6,1.5,1.5,1.5,1,1.05,1.05,1.05,1.05,1.05,79.2,1.8,100,531,100,531,100,531,100,531,100,531,100,531,11,107,15,154,15,150
250,77,14,78,16,1.2,1.2,1.1,1.2,1.2,1.2,1.02,1.02,1.02,1.02,1.05,1.05,39.8,3.0,38.78,261,33.38,225,33.38,225,28.34,191,27.15,183,25,168,,,,,,
251,63,6,62,9,1.5,1.5,1.4,1.4,1.5,1.4,1.1,1.1,1.12,1.09,1.13,1.13,58.4,4.4,39.33,271,39.91,269,40.03,269,39.94,266,32.66,210,36.2,219,,,,,,
252,50,14,54,12,1.4,1.4,1.4,1.4,1.4,1.4,0.98,0.98,0.98,1,1,1,43.4,2.0,0,0,0,0,0,0,0,0,0,0,0,0,,,,,,
253,63,8,60,8,1.5,1.5,1.5,1.4,1.5,1.5,1.16,1.15,1.15,1.16,1.23,1.19,49.8,6.2,84.53,732,84.53,732,84.53,732,24.6,213,26.47,229,23.99,207,74,149,81,162,60,120
254,75,18,57,30,1.4,1.4,1.3,1.3,1.5,1.5,1.24,1.23,1.23,1.23,1.26,1.26,21.4,3.5,100,652,99.52,621,99.47,567,99.09,326,99.09,326,98.79,326,53,1016,71,1413,72,1359
255,67,8,65,8,1.3,1.4,1.4,1.3,1.3,1.3,1.04,1.05,1.05,1.05,1.04,1.04,53.2,6.3,62.67,893,72.56,894,72.81,897,62.91,775,61.93,763,44.81,552,,,,,,
256,73,2,76,7,1.1,1.1,1.1,1.1,1.1,1.1,1.12,1.1,1.09,1.09,1.12,1.1,26.3,14.6,0,0,0,0,0,0,0,0,0,0,0,0,,,,,,
257,79,5,75,10,1.5,1.5,1.5,1.5,1.5,1.5,1.26,1.26,1.26,1.27,1.3,1.3,57.9,9.5,0,0,0,0,0,0,0,0,0,0,0,0,,,,,,
258,40,9,43,10,1.4,1.4,1.3,1.4,1.4,1.3,1.13,1.13,1.13,1.13,1.13,1.13,57.5,8.9,87.99,989,87.43,939,86.81,895,100,1009,100,1009,100,1010,24,118,31,156,25,153
259,64,6,64,11,1.2,1.2,1.2,1.3,1.3,1.3,1.02,1.02,1.02,1.02,1.03,1.03,53.1,4.7,85.87,845,85.83,842,85.83,842,85.83,842,85.86,844,85.73,841,38,192,41,204,41,205
260,73,13,64,12,1.4,1.4,1.4,1.4,1.4,1.4,1.19,1.19,1.2,1.2,1.21,1.21,29.5,7.3,98.96,1241,98.96,1241,98.88,1241,98.88,1237,99.92,1249,99.92,1250,38,1107,35,1223,40,1357
261,70,9,70,10,1.5,1.5,1.5,1.5,1.7,1.7,1.09,1.09,1.09,1.09,1.12,1.12,,,100,862,100,861,100,860,100,860,100,860,100,860,1,14,2,30,2,31
262,60,8,55,6,1.6,1.6,1.6,1.6,1.6,1.6,1.08,1.08,1.08,1.08,1.07,1.07,26.5,5.1,32.47,401,32.52,401,32.52,401,32.55,401,32.49,400,32.47,400,1,2,2,6,2,7
263,68,9,69,9,1.6,1.6,1.6,1.5,1.4,1.5,1.03,1.03,1.02,1.02,1.02,1.02,32.8,4.3,89.85,965,89.77,956,89.74,953,89.82,944,80.87,837,78.99,752,2,6,12,12,4,17
264,60,15,56,12,1.5,1.5,1.5,1.5,1.4,1.5,1.07,1.07,1.07,1.07,1.07,1.07,34.7,2.5,0,0,0,0,0,0,0,0,0,0,0,0,,,,,,
265,63,18,58,16,1.7,1.7,1.7,1.7,1.7,1.7,1.04,1.04,1.04,1.04,1.04,1.04,67.4,4.2,99.82,548,99.82,546,99.82,546,99.82,546,99.82,545,99.82,545,6,19,6,18,7,15
266,70,8,70,6,1.2,1.2,1.2,1.2,1.3,1.2,1.09,1.09,1.07,1.07,1.19,1.14,25.4,5.7,0,0,0,0,0,0,0,0,0,0,0,0,,,,,,
267,77,3,81,22,1.3,1.3,1.3,1.3,1.4,1.4,1.11,1.11,1.11,1.1,1.12,1.12,49.7,13.1,0,0,0,0,0,0,0,0,0,0,0,0,,,,,,
268,80,12,80,9,1.3,1.3,1.3,1.3,1.4,1.3,1.08,1.08,1.08,1.08,1.1,1.1,38.2,3.0,99.86,695,99.86,695,99.86,694,99.86,695,99.86,695,99.86,694,4,7,6,12,11,22
269,68,10,64,12,1.5,1.5,1.5,1.5,1.5,1.4,1.13,1.12,1.13,1.13,1.14,1.14,38.9,5.2,99.02,1210,99.34,1202,99.42,1198,99.42,1198,99.42,1192,97.83,1174,9,101,7,81,3,30
270,90,15,92,62,1.4,1.4,1.4,1.4,1.4,1.4,1.07,1.07,1.07,1.07,1.07,1.07,51.4,1.2,100,598,100,598,100,598,100,598,100,598,100,598,64,128,81,163,49,98
271,69,11,67,13,1.6,1.6,1.7,1.6,1.6,1.5,1.18,1.18,1.18,1.18,1.18,1.18,21.7,1.2,100,445,100,446,100,448,100,448,100,448,100,448,14,27,24,47,20,39
272,62,8,56,11,1.7,1.7,1.6,1.7,1.3,1.3,1.13,1.13,1.13,1.13,1.17,1.15,56.6,2.9,100,780,100,780,100,780,100,780,100,780,100,780,111,777,121,849,119,833
273,89,12,92,12,1.1,1.1,1.2,1.1,1.2,1.2,1.07,1.07,1.07,1.05,1.1,1.1,52.4,4.5,0,0,0,0,0,0,0,0,0,0,0,0,,,,,,
274,63,8,63,6,1.5,1.5,1.5,1.5,1.3,1.3,1.26,1.26,1.26,1.27,1.27,1.27,44.1,1.5,100,554,100,554,100,554,100,554,100,554,100,554,33,66,20,40,,
275,60,16,59,18,1.2,1.2,1.2,1.2,1.2,1.3,1.01,1.01,1.01,1.01,1.01,1.01,37.6,3.3,9.39,84,9.83,88,9.83,88,11.4,102,11.28,101,10.95,98,,,,,,
276,72,11,72,10,1.2,1.2,1.2,1.2,1.2,1.3,1.02,1.02,1.02,1.02,1.03,1.03,48.7,4.3,0,0,0,0,0,0,0,0,0,0,0,0,,,,,,
277,73,7,69,10,1.3,1.3,1.3,1.3,1.3,1.3,1.15,1.15,1.15,1.12,1.14,1.15,25.9,4.1,0,0,0,0,0,0,0,0,0.17,1,0.19,1,,,,,,
278,66,15,69,16,1.3,1.3,1.3,1.3,1.3,1.2,1.16,1.16,1.16,1.16,1.16,1.13,50.0,2.3,0,0,0,0,0,0,0,0,0,0,0,0,,,,,,
279,60,11,52,11,1.3,1.3,1.3,1.3,1.3,1.2,1.16,1.16,1.16,1.17,1.17,1.17,,,0,0,0,0,0,0,0,0,0,0,0,0,,,,,,
280,73,15,69,18,1.4,1.4,1.5,1.5,1.3,1.4,1,1,1,1.04,1.04,1.11,14.4,1.7,42.34,174,42.65,174,42.54,174,42.65,174,42.21,168,42.39,170,20,119,19,130,14,101
281,63,21,61,15,1.3,1.3,1.2,1.2,1.2,1.2,1.16,1.17,1.12,1.12,1.12,1.12,19.5,1.0,0,0,0,0,0,0,0,0,0,0,0,0,,,,,,
282,77,16,70,13,1.4,1.4,1.4,1.4,1.3,1.2,1.07,1.07,1.07,1.07,1.07,1.07,52.6,3.4,0,0,0,0,0,0,0,0,0,0,0,0,,,,,,
283,75,10,69,12,1.5,1.5,1.5,1.4,1.4,1.3,1.09,1.09,1.09,1.09,1.09,1.09,70.4,7.5,65.56,691,65.65,692,65.52,688,65.52,688,65.59,690,65.66,694,87,346,97,388,97,388
284,76,6,82,9,1.4,1.4,1.4,1.4,1.4,1.4,1.21,1.21,1.2,1.2,1.14,1.14,27.1,3.5,0,0,0,0,0,0,0,0,0,0,0,0,,,,,,
285,#DIV/0!,#DIV/0!,,,1.4,1.4,1.4,1.4,1.3,1.2,1.29,1.31,1.31,1.31,1.15,1.15,11.8,3.6,94.12,16,94.12,16,93.75,15,93.75,15,93.33,14,100,15,13,591,13,538,14,585
286,75,17,73,5,1.3,1.3,1.2,1.3,1.2,1.3,1.25,1.25,1.25,1.25,1.18,1.25,9.8,2.4,71.43,50,0,0,0,0,65.48,55,65.88,56,63.74,58,38,268,7,47,6,36
287,56,9,61,12,1.3,1.3,1.3,1.3,1.3,1.3,1.26,1.26,1.26,1.26,1.28,1.31,,,100,1235,100,1214,100,1215,100,1232,100,1232,100,1177,76,2421,91,2821,89,2588
288,58,9,55,9,1.2,1.2,1.2,1.2,1.2,1.2,1.03,1.03,1.03,1.03,1.07,1.08,,,86.47,863,86.33,859,86.33,859,86.29,856,86.07,840,71.69,699,8,62,10,77,4,34
289,69,7,68,10,1.4,1.4,1.4,1.4,1.4,1.4,1.17,1.17,1.13,1.11,1.11,1.1,62.1,10.7,16.5,225,17.07,224,17.19,224,16.74,216,9.08,117,9.66,124,92,275,152,303,156,312
290,29,32,40,19,1.4,1.4,1.4,1.4,1.5,1.5,1.23,1.24,1.25,1.25,1.26,1.26,47.4,9.0,100,255,100,412,100,411,100,416,100,416,100,232,425,19121,451,19388,551,19835
291,47,16,42,9,1.1,1.1,1.2,1.2,1.2,1.2,0.96,0.96,0.96,1,1,1,39.6,2.2,100,998,100,998,100,998,100,998,100,998,100,998,,,,,,
292,34,14,43,11,1.4,1.4,1.4,1.4,1.4,1.4,1.15,1.15,1.15,1.15,1.18,1.16,32.9,2.5,100,405,100,406,100,409,100,416,100,415,100,420,57,455,65,519,61,485
293,47,8,42,10,2.1,2.1,2.1,2.1,2.1,2.1,1.37,1.37,1.37,1.37,1.37,1.37,53.6,2.4,100,352,100,353,100,354,100,355,100,354,100,359,58,701,60,784,55,882
294,41,26,42,22,1.6,1.6,1.6,1.6,1.6,1.5,1.07,1.07,1.07,1.07,1.07,1.07,56.5,3.1,100,475,100,476,100,431,100,432,100,434,100,435,45,447,52,523,47,468
295,50,8,44,9,1.7,1.7,1.7,1.7,1.8,1.8,1.29,1.29,1.29,1.29,1.37,1.39,98.3,3.8,100,516,100,515,100,521,100,521,100,521,100,438,41,412,44,442,47,472
296,62,11,60,10,1.3,1.3,1.3,1.3,1.4,1.3,1.18,1.18,1.18,1.19,1.24,1.24,23.8,3.8,0,0,0,0,0,0,0,0,0,0,0,0,,,,,,
297,81,30,52,25,1.7,1.7,1.7,1.7,1.8,1.8,1.08,1.08,1.08,1.08,1.17,1.17,48.1,1.5,92,138,92,138,92,138,92,138,92,138,92.05,139,,,,,,
298,40,13,42,12,1.5,1.5,1.5,1.5,1.6,1.3,1.18,1.18,1.18,1.18,1.29,1.29,,,100,798,100,798,100,798,100,798,100,798,100,799,28,311,32,356,28,312
299,68,8,71,8,1.2,1.2,1.2,1.2,1.1,1.1,1.1,1.1,1.1,1.1,1.12,1.11,29.8,3.5,72.68,987,74.02,926,72.84,861,72.53,845,64.75,744,65.11,741,0,0,0,0,0,0
300,37,10,27,9,1.3,1.3,1.3,1.3,1.2,1.2,1.15,1.15,1.15,1.15,1.18,1.18,,,100,576,100,576,100,576,100,576,100,576,100,573,32,258,30,300,32,322
301,73,5,64,6,1.4,1.3,1.4,1.3,1.2,1.2,1.05,1.05,1.05,1.05,1.05,1.05,37.4,3.4,1.19,10,1.19,10,1.73,14,1.26,10,1.31,10,1.9,14,,,,,,
302,43,7,39,7,1.4,1.4,1.4,1.4,1.4,1.4,1.04,1.04,1.04,1.04,1.06,1.06,30.1,2.9,95.19,1148,95.19,1147,95.19,1147,95.19,1147,95.19,1147,95.27,1148,28,169,35,211,31,186
303,51,12,51,12,1.6,1.6,1.7,1.6,1.7,1.6,1.26,1.26,1.26,1.26,1.29,1.29,55.7,3.1,100,960,100,898,100,898,100,898,100,898,100,898,22,108,22,111,16,82
304,54,8,56,12,1.8,1.8,1.5,1.6,1.6,1.6,0.94,0.94,0.94,1,1,1,89.1,1.5,100,378,100,378,100,378,100,378,100,378,100,378,151,757,105,419,391,1954
305,64,22,58,18,1.4,1.4,1.5,1.4,1.4,1.4,1.18,1.16,1.16,1.16,1.16,1.16,19.9,1.4,41.08,168,41.08,168,41.18,168,40.98,168,40.98,168,41.38,168,,,,,,
306,25,20,31,20,1.2,1.2,1.3,1.2,1.2,1.3,1.19,1.17,1.17,1.17,1.15,1.23,42.6,4.5,100,486,100,411,100,412,100,356,100,360,100,434,45,1180,65,1176,72,1288
307,41,9,39,10,1.5,1.5,1.5,1.5,1.5,1.4,1.2,1.17,1.17,1.17,1.19,1.16,46.7,5.4,99.86,1440,99.86,1440,99.86,1440,99.82,1099,99.82,1101,99.82,1101,19,132,20,159,15,123
308,76,4,79,11,1.3,1.3,1.1,1.1,1.1,1.1,1.03,1.03,1.03,1.03,1.05,1.05,58.7,3.3,0,0,0,0,0,0,0,0,0,0,0,0,,,,,,
309,69,11,56,13,1.4,1.4,1.5,1.4,1.5,1.5,1.05,1.05,1.05,1.08,1.14,1.16,27.3,3.0,0,0,0,0,0,0,0,0,0,0,0,0,,,,,,
310,63,5,67,8,1.6,1.6,1.6,1.6,1.6,1.6,1.12,1.12,1.12,1.12,1.14,1.14,47.2,5.1,0,0,0,0,0,0,0,0,0,0,0,0,,,,,,
311,36,16,37,16,1.8,1.8,1.7,1.8,1.9,1.9,1.43,1.43,1.43,1.43,1.44,1.44,32.0,5.0,100,569,100,571,100,573,100,577,100,581,100,593,32,512,29,492,27,519
312,56,9,71,17,1.7,1.7,1.6,1.6,1.6,1.6,1.24,1.24,1.24,1.24,1.24,1.24,43.0,2.5,100,623,100,622,100,622,100,623,100,624,100,624,152,1518,173,1727,136,1359
313,67,11,62,16,1.3,1.3,1.3,1.3,1.3,1.3,1.01,1.01,1.01,1.03,1.03,1.04,21.4,1.9,99.3,571,99.13,570,99.13,570,99.13,570,100,575,100,575,30,455,34,538,54,647
314,72,13,60,8,1.9,1.9,2,1.9,1.9,2,1.17,1.17,1.17,1.17,1.17,1.19,49.7,3.5,100,936,100,931,100,933,100,948,100,948,100,950,144,862,153,920,150,901
315,42,8,31,8,1.6,1.6,1.6,1.6,1.6,1.6,1.27,1.28,1.29,1.3,1.32,1.32,58.6,4.2,100,994,100,402,100,397,100,396,100,395,100,320,50,900,47,937,35,815
316,66,9,67,7,1.6,1.6,1.6,1.6,1.5,1.8,1.19,1.19,1.19,1.19,1.19,1.31,52.5,4.3,93.03,1348,92.96,1347,100,1449,100,1449,100,1449,100,1449,67,607,76,683,134,1205
317,30,13,40,14,1.4,1.4,1.4,1.4,1.6,1.4,1.12,1.12,1.12,1.12,1.21,1.21,52.6,2.5,100,308,100,308,100,308,100,305,100,305,100,309,13,63,14,68,15,74
318,68,4,74,3,1.6,1.6,1.5,1.6,1.6,1.6,1.13,1.13,1.12,1.12,1.12,1.13,39.4,3.9,30.96,239,30.87,238,23.09,160,23.12,160,23.12,160,23.38,162,31,62,39,78,44,88
319,56,12,57,9,1.5,1.5,1.5,1.5,1.5,1.5,1.14,1.14,1.14,1.14,1.16,1.15,19.8,2.9,40.13,433,40.06,433,40.15,434,39.91,433,77.72,844,76.35,775,25,123,27,191,27,192
320,31,17,32,14,1.7,1.7,1.6,1.7,1.6,1.7,1.24,1.24,1.24,1.24,1.24,1.24,70.1,5.2,100,452,100,445,100,446,100,467,100,476,100,475,91,730,95,764,106,851
321,42,11,51,13,1.6,1.6,1.6,1.6,1.6,1.6,1.22,1.22,1.22,1.22,1.22,1.22,61.2,3.8,100,479,100,476,100,478,100,477,100,473,100,481,21,410,20,402,17,352
322,77,11,79,11,1.6,1.6,1.6,1.6,1.6,1.6,1.04,1.04,1.04,1.04,1.04,1.04,20.1,1.1,79.06,336,79.11,337,79.11,337,79.11,337,79.58,339,79.58,339,7,7,9,9,10,10
323,80,11,85,9,1.5,1.5,1.6,1.5,1.5,1.5,1.07,1.07,1.07,1.07,1.07,1.07,49.1,5.5,99.44,889,99.44,885,99.44,885,99.44,886,99.44,886,99.44,886,36,401,42,466,46,508
324,67,13,71,4,1.1,1.1,1,1.1,1.2,1.2,1.05,1.05,1.05,1.05,1.13,1.12,7.0,1.3,0,0,0,0,0,0,0,0,0,0,0,0,,,,,,
325,61,9,54,5,1.7,1.5,1.5,1.5,1.5,1.5,1.15,1.15,1.15,1.15,1.16,1.17,25.2,3.5,78.41,886,78.37,884,78.46,885,78.37,884,78.11,874,77.82,870,105,315,105,315,7,14
326,21,15,20,16,1.9,1.9,1.9,1.9,2,1.8,1.32,1.32,1.32,1.32,1.32,1.32,80.0,3.4,100,410,100,410,100,411,100,410,100,411,100,412,97,1259,103,1334,98,1379
327,70,13,76,13,1.7,1.7,1.6,1.6,1.7,1.7,1.21,1.21,1.21,1.21,1.21,1.21,37.7,2.0,98.56,617,100,626,100,626,100,626,100,626,100,627,24,266,26,291,15,151
328,66,19,63,14,1.5,1.5,1.5,1.5,1.6,1.6,1.25,1.25,1.25,1.26,1.28,1.28,21.0,3.5,83.07,314,82.63,314,82.94,316,82.72,316,82.72,316,82.98,317,21,206,25,221,19,173
329,65,8,52,17,1.5,1.5,1.5,1.4,1.4,1.4,1.06,1.06,1.06,1.04,1.04,1.04,57.9,5.3,78.36,601,78.27,598,78.89,598,78.79,598,78.98,601,78.98,601,58,405,62,431,72,502
330,85,14,84,8,1.4,1.4,1.4,1.4,1.4,1.4,1.03,1.03,1.03,1.03,1.04,1.04,40.4,3.9,33.12,255,33.2,256,33.33,257,5.11,38,5.14,38,5.13,38,,,,,,
331,44,21,45,25,1.5,1.5,1.4,1.4,1.4,1.3,1.3,1.29,1.25,1.24,1.24,1.23,23.1,5.5,96.72,885,95.63,679,95.69,666,95.55,665,95.55,665,95.69,666,179,2504,195,2334,224,2236
332,71,6,72,9,1.7,1.7,1.7,1.5,1.5,1.2,1.15,1.15,1.15,1.15,1.17,1.19,36.1,3.4,68.02,487,67.97,486,67.46,481,66.32,449,65.43,424,63.29,381,14,56,19,76,15,60
333,55,9,45,7,1.6,1.6,1.5,1.6,1.5,1.6,1.15,1.15,1.15,1.16,1.16,1.17,40.2,5.6,10.95,123,11.56,123,11.51,122,11.38,118,11.49,118,11.64,119,,,,,,
334,53,29,48,22,2.5,2.5,2.5,2.5,2.1,1.2,1.24,1.24,1.23,1.23,1.23,1.23,,,100,356,100,356,100,356,100,356,100,356,100,360,32,225,40,364,45,315
335,67,10,70,9,1.4,1.4,1.3,1.4,1.5,1.5,1.12,1.12,1.12,1.12,1.19,1.24,,,0,0,0,0,0,0,0,0,0,0,0,0,,,,,,
336,71,8,70,8,1.4,1.4,1.3,1.3,1.4,1.4,1.23,1.23,1.22,1.23,1.31,1.3,34.1,9.0,0,0,0,0,0,0,0,0,45.37,818,43.59,711,,,4,4,0,0
337,84,14,83,17,1.2,1.2,1.1,1.2,1.2,1.2,1.14,1.14,1.14,1.14,1.2,1.19,60.8,7.3,0,0,0,0,0,0,0,0,0,0,0,0,,,,,,
338,38,10,38,7,1.5,1.5,1.5,1.5,1.8,1.5,1.27,1.27,1.29,1.29,1.33,1.33,76.0,3.3,100,1290,100,1295,100,1334,100,1334,100,1053,100,1053,71,641,73,654,89,805
339,31,8,35,9,1.5,1.5,1.5,1.5,1.6,1.5,1.38,1.38,1.38,1.39,1.47,1.46,55.3,5.9,100,1341,100,1341,100,1186,100,1099,100,954,100,889,265,2920,159,2863,163,2603
340,32,6,35,8,1.7,1.7,1.6,1.7,1.8,1.8,1.42,1.42,1.42,1.42,1.48,1.48,76.4,10.3,100,4541,100,4003,100,4182,100,4003,100,3959,100,3911,105,2524,103,2673,112,3372
341,36,7,37,6,1.7,1.7,1.7,1.7,1.9,1.9,1.54,1.55,1.54,1.55,1.71,1.69,75.4,12.6,100,1899,100,1898,100,1898,100,1797,100,1798,100,1816,263,12338,292,12844,346,14873
342,37,22,16,11,1.7,1.7,1.7,1.7,2.2,2.2,1.48,1.48,1.51,1.52,1.86,1.85,75.4,8.4,100,426,100,426,100,424,100,424,100,357,100,357,2047,131004,2348,138503,2096,140452
343,45,10,52,9,1.8,1.8,1.8,1.8,1.8,1.7,1.39,1.39,1.39,1.39,1.4,1.4,81.5,8.5,100,1076,100,860,100,861,100,858,100,844,100,940,59,713,66,796,66,786
344,65,11,65,10,1.6,1.6,1.6,1.6,1.5,1.5,1.29,1.29,1.3,1.3,1.3,1.31,56.4,4.7,100,850,100,839,100,794,100,787,100,752,100,727,76,380,78,469,80,479
345,72,17,71,10,1.3,1.3,1.3,1.3,1.3,1.3,1.27,1.27,1.27,1.27,1.3,1.29,18.4,2.5,66.32,252,66.23,251,51.98,197,51.85,196,51.85,196,51.85,196,19,39,25,51,26,52
346,64,4,57,8,1.5,1.5,1.4,1.5,1.4,1.4,1.23,1.23,1.23,1.23,1.23,1.23,21.9,3.0,99.62,1052,99.62,1052,99.53,1051,100,1055,100,1054,100,1056,45,627,39,506,41,581
347,7,6,7,5,1.9,1.9,1.9,1.8,1.9,1.8,1.25,1.25,1.24,1.24,1.24,1.24,84.6,3.9,100,355,100,348,100,345,100,347,100,347,100,278,134,1071,159,1272,166,1495
348,75,5,71,7,1.4,1.4,1.4,1.4,1.5,1.4,1.21,1.21,1.21,1.21,1.23,1.24,22.9,7.0,59.85,775,59.89,775,59.58,765,59.66,766,59.63,765,59.77,768,9,60,6,40,7,46
349,51,10,44,26,1.4,1.4,1.4,1.4,1.4,1.4,1.14,1.14,1.15,1.15,1.15,1.15,34.8,2.0,99.38,637,91.57,608,92.91,734,93.03,734,99.75,787,99.75,787,17,84,15,77,13,64
350,67,12,70,11,1.4,1.4,1.4,1.4,1.4,1.4,1.14,1.14,1.14,1.14,1.14,1.15,49.7,3.4,95.69,711,66.62,505,66.62,505,66.71,505,66.71,505,66.58,504,0,0,0,0,0,0
351,93,14,83,17,1.6,1.6,1.6,1.6,1.6,1.6,1.09,1.09,1.09,1.09,1.09,1.09,52.3,2.9,98.23,444,98.21,439,98.19,433,98.17,430,100,414,100,395,2,11,4,20,4,20
352,71,8,62,11,1.3,1.2,1.2,1.2,1.2,1.2,1.06,1.04,1.04,1.05,1.05,1.05,55.5,3.4,99.91,1141,99.91,1141,99.91,1141,99.91,1141,99.91,1140,34.15,390,9,17,6,12,1,1
353,69,7,68,6,1.6,1.6,1.6,1.6,1.6,1.5,1.18,1.18,1.19,1.19,1.19,1.19,58.4,9.1,91.1,911,91.1,911,91.13,914,91.12,913,91.05,905,90.81,879,1,15,2,25,2,22
354,46,12,57,13,1.4,1.4,1.4,1.4,1.4,1.4,1.24,1.24,1.24,1.24,1.24,1.24,47.4,3.0,100,1012,100,1012,100,1012,100,1012,100,1012,100,1012,4,31,6,48,6,34
355,39,13,41,13,1.3,1.3,1.2,1.3,1.3,1.3,1.17,1.13,1.13,1.13,1.24,1.2,51.7,5.3,38.7,406,38.7,406,38.61,405,38.7,406,38.7,406,34.7,364,43,213,49,247,41,207
356,58,9,57,8,1.4,1.4,1.4,1.4,1.4,1.4,1.07,1.07,1.07,1.07,1.08,1.08,50.3,10.4,54.78,1055,55.57,1053,55.63,1053,52.84,996,52.89,996,53.09,996,,,,,,
357,46,8,45,8,1.7,1.7,1.6,1.7,1.7,1.7,1.14,1.14,1.14,1.14,1.16,1.16,43.1,4.0,99.17,1442,99.17,1434,99.17,1427,99.17,1428,99.14,1389,99.14,1389,30,149,35,175,31,187
358,51,7,41,5,1.7,1.7,1.8,1.7,1.7,1.7,1.25,1.25,1.25,1.25,1.25,1.24,49.0,8.5,100,1949,100,1404,100,1665,100,1497,100,1497,100,1497,59,1599,52,1417,52,1548
359,70,15,65,18,1.4,1.4,1.4,1.4,1.4,1.4,1.17,1.17,1.18,1.2,1.2,1.2,38.2,4.8,100,1070,100,1065,100,1064,100,1060,100,1061,100,1055,3,31,4,44,4,42
360,85,5,79,7,1.2,1.2,1.2,1.1,1.2,1.1,1.07,1.07,1.07,1.07,1.09,1.09,35.6,8.8,30.41,468,31.21,470,31.22,468,31.46,470,31.74,465,0,0,36,71,52,104,4,7
361,27,10,19,11,1.7,1.7,1.6,1.6,1.8,1.7,1.43,1.42,1.42,1.42,1.46,1.46,55.8,8.6,100,861,100,755,100,596,100,451,100,451,100,456,39,927,38,917,34,928
362,43,10,44,12,1.8,1.8,1.8,1.7,1.8,1.8,1.27,1.27,1.27,1.27,1.26,1.26,35.7,5.3,100,1298,100,1299,100,1303,100,1309,100,1311,100,1314,55,1370,46,1601,47,1656
363,49,5,50,10,1.3,1.3,1.3,1.3,1.4,1.4,1.23,1.23,1.23,1.23,1.25,1.26,34.4,9.1,100,1220,100,1199,100,1205,100,1207,100,1208,100,1120,46,1108,48,1160,49,1164
364,27,9,26,9,1.8,1.8,1.6,1.7,1.6,1.6,1.34,1.34,1.34,1.34,1.34,1.34,80.3,9.6,100,1179,100,1156,100,1149,100,1143,100,1122,100,1119,15,180,14,167,13,156
365,55,3,55,22,2,2,2.1,2,2.1,2.1,1.36,1.36,1.36,1.36,1.39,1.39,60.6,5.4,100,819,100,823,100,826,100,826,100,825,81.97,532,18,71,19,78,5,20
366,54,13,55,9,1.4,1.4,1.4,1.4,1.3,1.3,1.27,1.27,1.27,1.27,1.19,1.19,62.7,5.2,100,440,100,440,100,441,100,459,100,442,100,583,69,826,74,888,75,898
367,39,5,39,5,1.9,1.8,1.8,1.8,1.9,1.9,1.42,1.4,1.41,1.42,1.46,1.46,78.7,20.0,100,3127,100,3097,100,3094,100,2724,100,2735,100,2546,75,4925,112,6691,128,7696
368,56,8,51,8,1.5,1.5,1.5,1.5,1.6,1.6,1.24,1.24,1.24,1.24,1.32,1.32,,,100,1184,100,1184,100,1184,100,1184,100,1184,100,1184,100,1899,102,1942,90,1612
369,42,8,52,6,1.6,1.6,1.6,1.6,1.6,1.6,1.29,1.29,1.29,1.29,1.29,1.29,60.8,5.2,100,449,100,450,100,465,100,469,100,509,100,527,34,1186,37,1294,36,1288
370,44,11,46,9,1.6,1.6,1.6,1.6,1.6,1.6,1.21,1.21,1.21,1.21,1.21,1.21,92.6,9.0,100,1237,100,1219,100,1219,100,1217,100,1236,100,1228,56,2535,61,2799,60,2807
371,60,9,59,7,1.6,1.6,1.6,1.6,1.6,1.6,1.29,1.29,1.3,1.3,1.3,1.32,66.2,19.9,100,2253,100,2254,100,2254,100,2254,100,2256,100,2258,86,4647,87,5134,86,5047
372,77,4,75,5,1.5,1.5,1.4,1.5,1.5,1.5,1.11,1.11,1.11,1.11,1.13,1.14,82.7,36.1,7.85,349,7.88,350,7.74,342,7.43,326,0,0,0,0,,,,,,
373,64,11,51,12,1.6,1.6,1.6,1.6,1.6,1.6,1.23,1.23,1.23,1.23,1.23,1.23,45.1,8.3,69.42,781,69.61,772,69.9,778,70.22,778,70.15,778,69.97,776,12,105,12,106,15,133
374,30,10,34,11,1.6,1.6,1.6,1.6,1.7,1.7,1.27,1.27,1.27,1.27,1.3,1.3,54.8,8.1,100,1140,100,1137,100,1137,100,1138,100,1137,100,1148,43,1334,46,1394,45,1365
375,74,17,65,20,1.8,1.8,1.7,1.8,1.7,1.7,1.13,1.13,1.13,1.14,1.16,1.15,38.7,6.6,77.54,725,75.66,656,76.01,659,75.95,657,75.81,655,75.44,648,3,12,4,17,6,23
376,84,5,85,5,1.4,1.4,1.4,1.4,1.3,1.3,1.06,1.06,1.06,1.06,1.07,1.07,33.7,6.8,75.73,1148,75.58,1145,76.01,1153,74.59,1086,74.43,1080,74.44,1066,14,130,16,142,17,133
377,73,9,69,9,1.4,1.4,1.4,1.4,1.4,1.4,1.12,1.12,1.12,1.12,1.13,1.13,53.1,12.7,0,0,0,0,0,0,0,0,5.13,102,5.22,102,,,,,,
378,47,6,45,7,1.9,1.9,1.9,1.9,1.9,1.9,1.34,1.34,1.34,1.34,1.35,1.35,67.7,15.8,89.29,2135,100,2166,100,2168,100,2145,100,2114,100,2105,51,1130,51,1223,46,1095
379,68,7,64,8,1.4,1.4,1.4,1.3,1.3,1.3,1.07,1.07,1.07,1.08,1.08,1.08,65.2,13.2,0,0,0,0,0,0,0,0,0,0,0,0,,,,,,
380,68,3,69,13,1.4,1.4,1.4,1.4,1.4,1.4,1.08,1.08,1.08,1.08,1.09,1.09,24.6,7.8,7.7,142,7.57,139,7.32,134,1.26,23,3.44,63,3.41,62,,,,,,
381,32,6,30,6,1.7,1.7,1.8,1.7,1.7,1.8,1.29,1.29,1.29,1.29,1.3,1.32,62.6,8.8,95.6,1892,95.74,1934,99.32,2057,99.14,1730,99.66,1740,99.66,1744,254,4326,238,3805,199,3176
382,29,9,32,9,1.8,1.8,1.8,1.8,1.8,1.8,1.38,1.38,1.38,1.38,1.41,1.42,72.4,10.1,100,924,100,916,100,915,100,931,100,933,100,947,68,2174,65,2402,78,2878
383,56,8,58,9,1.8,1.7,1.7,1.7,1.7,1.7,1.29,1.29,1.29,1.29,1.29,1.29,48.3,7.5,94.91,1510,94.91,1510,94.91,1510,94.91,1510,94.91,1510,94.92,1515,23,343,26,391,27,398
384,33,8,33,9,1.8,1.8,1.8,1.8,2,2,1.44,1.44,1.44,1.44,1.64,1.61,80.3,10.5,100,2832,100,2593,100,1821,100,1813,100,1460,100,1465,189,5478,217,6514,281,8979
385,35,6,35,7,1.5,1.5,1.4,1.4,1.4,1.4,1.2,1.2,1.2,1.2,1.2,1.2,29.6,6.9,100,1977,100,1977,100,1984,100,1989,100,2014,100,2015,46,1826,47,1895,50,2083
386,45,3,45,4,2.2,2.2,2.3,2.2,2.3,2.2,1.45,1.45,1.45,1.45,1.47,1.47,69.2,7.2,100,870,100,828,100,841,100,845,100,847,100,846,69,414,79,471,77,464
387,45,10,46,10,1.5,1.5,1.4,1.5,1.6,1.5,1.33,1.33,1.33,1.33,1.39,1.36,37.6,13.3,100,935,100,940,100,943,100,945,100,947,100,951,47,2275,55,2691,56,2752
388,33,12,37,13,1.9,1.9,1.9,1.9,2,1.9,1.49,1.49,1.49,1.49,1.57,1.57,77.0,10.4,100,1473,100,1449,100,985,100,975,100,827,100,837,273,5995,273,6012,268,5634
389,64,6,61,5,1.9,1.9,2,1.9,1.9,1.9,1.25,1.25,1.26,1.26,1.26,1.26,37.5,10.7,75.87,2795,100,3566,100,3575,100,3565,100,3567,100,3313,90,3232,93,3364,81,3327
390,72,15,70,13,1.7,1.7,1.7,1.7,1.6,1.6,1.2,1.2,1.2,1.2,1.2,1.2,81.0,5.4,100,800,100,786,100,783,100,781,100,789,100,791,60,663,65,712,64,701
391,67,12,72,32,1.8,1.8,1.8,1.8,1.8,1.8,1.21,1.21,1.21,1.21,1.21,1.22,43.1,5.8,21.11,205,21.11,205,21.22,206,21.11,205,20.7,201,20.68,201,,,,,,
392,24,5,24,4,2,2,1.9,2,2,2,1.44,1.44,1.44,1.44,1.44,1.44,89.9,33.4,99.76,4142,99.78,4121,99.76,4079,99.76,4078,100,4031,100,4036,18,916,19,945,14,985
393,55,8,46,9,1.9,1.9,2,1.9,1.9,1.9,1.35,1.35,1.35,1.35,1.36,1.36,46.6,12.8,97.36,2585,97.37,2591,97.39,2611,88.13,2472,99.93,2924,99.86,2921,22,660,27,818,27,811
394,46,10,47,10,1.6,1.6,1.7,1.6,1.6,1.6,1.17,1.17,1.17,1.17,1.16,1.16,49.2,4.7,97.57,1408,97.5,1403,97.51,1408,97.58,1410,97.56,1399,97.62,1396,5,22,10,39,11,46
395,77,12,75,11,1.5,1.5,1.4,1.5,1.5,,1.13,1.13,1.13,1.13,1.08,,,,0.21,2,0.3,2,0.3,2,0.3,2,65.21,433,100,651,,,2,7,0,3
396,71,0,69,6,1.1,1.1,1.1,1.1,1.2,,1.09,1.09,1.09,1.09,1.21,,,,0,0,0,0,0,0,0,0,0,0,0,0,,,,,,
397,64,16,72,19,1.4,1.4,1.3,1.4,1.4,,1.21,1.26,1.23,1.25,1.29,,,,100,1127,100,1127,100,1128,100,1086,100,921,100,922,6,13,6,13,9,18
398,34,11,27,13,1.4,1.4,1.3,1.4,1.5,,1.22,1.22,1.23,1.23,1.33,,,,94.86,406,94.81,402,94.7,393,94.46,375,94.27,362,93.7,327,2,3,2,4,5,9
399,65,9,63,10,1.4,1.4,1.3,1.4,1.6,,1.32,1.32,1.33,1.33,1.39,,,,98.45,1078,98.71,1071,99.43,1051,99.13,1027,99.13,1021,99.13,1021,151,905,173,1041,167,1000
400,68,11,69,8,1.1,1.1,1.1,1.1,1.2,,1,1,0.99,1,1,,,,32.77,291,32.96,291,32.8,289,32.8,289,32.69,288,0,0,1,3,1,2,0,0
401,70,11,71,12,1.2,1.2,1.1,1.2,1.3,,1.11,1.11,1.11,1.11,1.15,,,,0,0,0,0,0,0,0,0,0,0,39.46,324,,,,,0,0
402,69,12,64,12,1.1,1.1,1.1,1.1,1.2,,1.14,1.14,1.14,1.14,1.19,,,,0,0,0,0,0,0,0,0,0,0,1.04,6,,,,,,
403,82,15,74,10,1.3,1.3,1.3,1.3,1.3,,1.11,1.11,1.1,1.11,1.11,,,,9.72,72,10.24,72,10.45,72,10.5,71,10,65,29.42,178,68,68,118,118,26,103
404,50,11,54,30,1.3,1.3,1.3,1.3,1.3,,1.17,1.17,1.17,1.17,1.2,,,,97.53,830,97.54,831,99.06,845,97.53,828,97.53,829,83.98,713,8,34,11,43,11,42
405,57,12,48,10,1.4,1.4,1.4,1.4,1.7,,1.33,1.33,1.35,1.35,1.56,,,,34.34,476,34.08,470,34.08,470,34.13,471,34.2,471,34.38,471,,,,,,
406,74,14,75,15,1.2,1.2,1.2,1.2,1.3,,1.15,1.15,1.15,1.15,1.16,,,,18.74,200,8.9,82,9.49,82,9.66,82,8.31,68,21.56,169,,,,,2,4
407,71,10,75,9,1.3,1.3,1.3,1.3,1.3,,1.11,1.11,1.11,1.11,1.12,,,,25.44,188,25.76,187,25.84,185,25.95,184,26.39,185,26.14,183,6,6,6,11,9,18
408,73,12,75,12,1.5,1.5,1.5,1.5,1.5,,1.18,1.18,1.18,1.18,1.18,,,,47.41,512,47.12,507,47.01,503,46.97,503,46.8,498,74.98,770,0,1,0,2,1,7
409,60,13,58,12,1.4,1.4,1.4,1.4,1.4,,1.12,1.12,1.12,1.12,1.12,,,,25.02,267,26.59,280,26.32,275,26.37,275,26.04,269,25.96,263,2,4,3,7,4,8
410,64,12,69,43,2.2,2.2,2.2,2.2,2.2,,1.11,1.11,1.11,1.11,1.13,,,,97.4,974,97.3,972,97.3,974,97.3,972,97.3,973,97.17,963,1,6,3,11,3,13
411,65,6,65,10,1.9,1.9,1.9,1.9,2.2,,1.24,1.24,1.27,1.27,1.53,,,,27.48,172,26.45,164,26.41,164,26.53,165,26.53,165,25.5,154,1,2,1,2,1,2
412,47,20,47,20,1.5,1.5,1.5,1.5,1.3,,1.11,1.11,1.11,1.11,1.19,,8.7,1.3,0,0,1.59,4,1.59,4,1.61,4,0.81,2,0.84,2,,,,,,
413,68,8,72,10,1.5,1.5,1.5,1.5,1.1,,1.08,1.08,1.08,1.09,1.1,,48.4,8.2,0,0,10.45,127,10.63,129,10.46,127,17.66,214,16.07,192,2,8,4,18,2,12
416,57,17,53,14,2.1,2.1,2.1,2.1,1.5,,1.29,1.29,1.29,1.29,1.32,,67.1,5.2,100,893,100,893,100,893,100,893,100,893,100,893,575,1726,611,1832,267,1866
417,71,10,61,11,1.7,1.7,1.7,1.8,1.4,,1.26,1.23,1.23,1.25,1.28,,57.6,7.4,67.84,557,55.18,437,60.92,438,67.13,437,77.91,508,77.88,507,6,19,8,25,9,28
418,65,12,66,12,1.6,1.6,1.6,1.6,1.3,,1.24,1.24,1.24,1.24,1.26,,64.0,11.5,90.09,1055,90.09,1055,90.78,1063,90.09,1055,90.09,1055,90.78,1063,5,44,6,45,6,50
419,72,13,71,13,1.6,1.6,1.5,1.6,1.1,,1.04,1.04,1.04,1.04,1.02,,51.9,6.2,18.8,181,18.57,177,17.86,170,18.57,177,15.44,147,15.65,149,,,,,,
420,67,7,68,8,1.5,1.5,1.5,1.5,1.1,,1.1,1.11,1.1,1.1,1.1,,53.6,8.3,41.77,467,36.11,403,35.91,400,36.44,403,37.24,404,37.52,400,9,18,11,22,13,26
421,71,8,70,8,1.8,1.8,1.8,1.8,1.3,,1.31,1.31,1.31,1.3,1.3,,46.7,6.0,0,0,0,0,0,0,0,0,0,0,0,0,,,,,,
422,64,6,68,11,1.5,1.5,1.5,1.5,1.5,,1.32,1.32,1.32,1.32,1.37,,22.3,8.4,72.21,751,67.46,595,64.5,525,64.62,526,92.08,535,92.07,534,10,175,9,170,7,167
423,83,14,80,11,1.3,1.3,1.3,1.3,1.4,,1.17,1.16,1.17,1.17,1.26,,,,0,0,0,0,0,0,0,0,0,0,0,0,,,,,,
424,66,8,68,40,1.1,1.1,1,1.1,1.1,,1.04,1.06,1.04,1.05,1.06,,4.8,0.8,43.2,340,46.21,360,46.2,359,46.45,360,47.09,364,46.97,364,4,4,2,2,6,6
425,74,7,85,40,1.1,1.1,1,1.1,1.1,,1.07,1.07,1.02,1.02,1.1,,,,0,0,0,0,0,0,0,0,0,0,0,0,,,,,,
426,74,6,72,8,1.1,1.1,1,1.1,1.1,,1.04,1.04,1.04,1.04,1.04,,,,47.65,386,47.77,386,49.57,401,47.71,386,79.48,643,70.74,573,124,124,71,141,45,136
428,71,8,72,17,1.4,1.4,1.3,1.4,1.4,,1.12,1.12,1.12,1.12,1.16,,,,0,0,0,0,0,0,0,0,0,0,0,0,,,,,,
430,43,11,55,15,1.7,1.7,1.7,1.7,1.6,,1.26,1.26,1.26,1.27,1.31,,,,40.81,713,40.19,662,39.44,633,38.1,591,38.71,590,45.98,595,,,,,,
431,74,9,88,11,1.2,1.2,1.2,1.2,1.3,,1.04,1.04,1.04,1.04,1.06,,,,37.05,266,36.66,257,36.65,254,36.48,251,36.71,250,36.62,249,1,3,3,10,2,6
432,68,6,64,6,1.1,1.1,1.1,1.1,1.1,,1.06,1.06,1.06,1.08,1.09,,,,0.87,8,0.98,9,1.09,10,1.11,10,0,0,0,0,13,13,,,,
433,79,8,72,27,1.2,1.2,1.2,1.2,1.5,,1.07,1.07,1.07,1.07,1.14,,,,0,0,0,0,0,0,0,0,0,0,0,0,,,,,,
434,68,12,61,14,1.2,1.2,1.2,1.2,1.3,,1.18,1.17,1.17,1.17,1.29,,42.0,12.5,0,0,0,0,0,0,0,0,0,0,0,0,,,,,,
435,90,10,65,30,1.7,1.7,1.7,1.7,1.7,,1.12,1.12,1.12,1.12,1.12,,,,53.44,132,53.66,132,54.1,132,55.51,131,57.21,131,59.73,132,1,1,0,1,1,1
436,69,5,69,35,1.2,1.2,1.1,1.2,1.2,,1.05,1.04,1.04,1.04,1.04,,,,73.39,444,73.39,444,73.34,443,73.47,443,73.47,443,73.34,443,5,11,13,27,11,22
437,66,10,65,12,1.3,1.3,1.3,1.3,1.4,,1.29,1.3,1.29,1.28,1.41,,30.8,12.7,37.82,613,42.76,605,42.69,575,42.43,535,71.39,816,72.49,722,8,62,4,29,3,58
438,65,3,57,6,1.4,1.4,1.3,1.4,1.6,,1.31,1.31,1.31,1.34,1.51,,,,50.73,697,61.16,677,59.41,546,60.42,487,61.48,415,53.9,221,8,31,9,34,9,36
442,76,6,78,11,1.2,1.2,1.1,1.2,1.4,,1.03,1.03,1.03,1.03,1.09,,,,86.75,668,88.02,661,88.8,650,88.57,643,88.16,633,88.55,634,1,1,2,2,1,1
443,55,11,57,10,1.2,1.2,1.2,1.2,1.6,,1.02,0.97,0.97,1,1.02,,,,0,0,0,0,0,0,0,0,0,0,0,0,,,,,,
444,55,10,59,11,1.2,1.1,1.1,1.1,1.5,,1.02,1,1,1,1.08,,,,0,0,0,0,0,0,0,0,0,0,0,0,,,,,,
445,66,7,66,7,1.2,1.2,1.2,1.2,1.3,,1.06,1.06,1.06,1.06,1.06,,51.1,6.5,55,561,55.59,567,55,561,54.96,560,59.71,609,59.61,608,1,1,1,1,1,2
446,59,11,66,11,1.2,1.2,1.2,1.2,1.1,,1.12,1.12,1.12,1.12,1.12,,48.9,4.7,29.37,158,30.45,162,30.86,162,32.46,162,33.61,162,33.68,162,,,,,,
447,74,10,72,13,1.4,1.4,1.5,1.4,1.3,,1.38,1.38,1.37,1.32,1.32,,52.3,11.3,0,0,0,0,0,0,0,0,0,0,0,0,,,,,,
448,57,8,59,8,1.3,1.3,1.3,1.3,1.5,,1.32,1.32,1.32,1.32,1.46,,,,99.11,1672,99.02,1614,98.94,1582,98.96,1519,98.66,1473,92.77,1206,5,53,7,67,6,61
449,68,9,69,7,1.1,1.1,1.1,1.1,1.1,,1.08,1.08,1.08,1.08,1.08,,,,24.27,234,23.09,217,22.93,213,23.11,217,22.81,213,22.57,209,8,8,10,10,7,7
450,72,10,76,10,1.2,1.2,1.2,1.2,1.3,,1.22,1.22,1.22,1.22,1.26,,23.5,9.5,0,0,0,0,0,0,0,0,0,0,0,0,,,,,,
451,70,10,70,2,1.2,1.2,1.2,1.2,1.5,,1.22,1.21,1.21,1.21,1.34,,48.2,18.6,0,0,0,0,0,0,0,0,0,0,0,0,,,,,,
452,63,14,47,28,1.3,1.3,1.2,1.3,1.3,,1.23,1.23,1.23,1.22,1.25,,47.1,7.7,72.94,442,84.77,512,84.6,511,84.72,510,88.94,539,86.71,450,9,118,10,124,6,109
453,53,9,61,16,1.3,1.3,1.3,1.3,1.3,,1.19,1.18,1.18,1.18,1.19,,,,10.08,92,10.37,95,10.37,95,10.47,96,10.47,96,10.66,98,,,,,,
454,69,2,66,5,1.1,1.1,1.1,1.1,1.2,,1.03,1.03,1.03,1.03,1.08,,,,5.01,27,5.36,29,5.36,29,5.36,29,5.37,29,5.34,29,,,,,,
455,75,9,71,23,1.1,1.1,1.1,1.1,1.2,,1.07,1.07,1.07,1.07,1.15,,,,0,0,0,0,0,0,0,0,0,0,17.95,135,,,,,0,0
456,84,33,95,58,1.3,1.3,1.3,1.3,1.4,,1.26,1.25,1.25,1.28,1.29,,,,100,409,100,399,99.63,545,99.63,544,99.64,550,97.5,195,137,274,187,374,188,376
457,59,12,48,13,1,1,1,1,1.1,,1,1,1,1,1,,,,49.86,184,50.14,184,50.96,186,50.41,184,48.09,176,0,0,0,0,,,,
458,58,12,64,45,1.2,1.2,1.2,1.2,1.5,,1.2,1.2,1.2,1.2,1.33,,,,40.86,161,40.86,161,45.18,178,40.86,161,40.86,161,38.27,150,1,1,1,1,1,1
459,78,10,74,7,1.1,1.1,1.1,1.1,1.1,,1.04,1.04,1.04,1.04,1.05,,,,12.81,125,12.82,125,12.83,125,12.82,125,12.92,126,12.82,125,,,,,,
460,64,12,62,11,1.2,1.2,1.2,1.2,1.2,,1.16,1.16,1.16,1.15,1.17,,,,38.01,412,37.99,411,37.95,411,37.92,411,38.06,408,38.6,408,10,21,9,19,9,19
462,69,14,62,15,1.3,1.3,1.3,1.3,1.5,,1.22,1.22,1.24,1.23,1.37,,26.3,7.9,8.67,81,23.23,200,24.6,198,26.38,201,59.81,445,57.72,400,11,32,13,40,3,30
463,39,9,27,8,1.1,1.1,1.2,1.1,1.1,,1.08,1.08,1.08,1.08,1.09,,38.0,4.2,79.76,859,100,1077,100,1009,100,1009,100,1011,100,1002,4,28,8,63,9,80
464,71,12,68,12,1.4,1.4,1.3,1.3,1.4,,1.33,1.33,1.33,1.32,1.32,,53.6,12.0,57.69,941,90.09,1291,88.78,1131,88.85,1131,89,1133,90.45,1108,16,186,17,190,13,174
465,64,11,61,11,1.2,1.2,1.2,1.2,1.2,,1.11,1.11,1.11,1.11,1.14,,,,0.4,2,0.4,2,0.4,2,0.4,2,0,0,0,0,,,,,,
466,60,8,68,10,1.3,1.3,1.3,1.3,1.4,,1.25,1.25,1.29,1.29,1.32,,24.3,6.9,8.83,86,8.89,86,8.85,85,8.96,85,9.14,86,9.23,86,,,,,,
467,61,2,58,8,1.3,1.3,1.3,1.2,1.2,,1.17,1.16,1.16,1.16,1.19,,62.7,6.9,17.11,122,70.97,506,70.97,506,70.89,504,57.67,410,59.94,407,3,10,3,7,11,34
468,17,8,13,8,1.1,1.1,1.2,1.2,1.1,,0.98,0.98,0.98,1,1.05,,24.9,1.7,39.77,35,55.81,48,55.81,48,56.82,50,56.32,49,56.32,49,3,6,3,6,2,4
469,47,10,52,11,1.3,1.3,1.3,1.3,1.4,,1.24,1.25,1.25,1.25,1.37,,29.7,6.0,0,0,0,0,0,0,0,0,0,0,0,0,,,,,,
470,69,12,74,33,1.1,1.1,1.1,1.1,1.1,,1.07,1.07,1.07,1.07,1.09,,,,50.33,529,51.07,527,51.41,529,51.21,527,51.65,532,50.83,523,,,,,,
471,53,11,57,13,1.4,1.4,1.4,1.4,1.6,,1.29,1.28,1.28,1.28,1.34,,,,98.47,1541,98.19,1249,98.27,1248,98.19,1248,98.2,1252,98.27,1248,35,461,38,529,40,523
472,57,3,61,9,1.4,1.4,1.3,1.4,1.7,,1.13,1.12,1.13,1.13,1.13,,,,8.21,46,8.73,48,9.23,50,9.09,49,9.14,49,7.91,42,,,,,,
473,62,7,59,11,1.2,1.2,1.2,1.3,1.3,,1.19,1.19,1.19,1.27,1.3,,59.4,9.2,89.43,973,100,1050,100,1038,100,1042,100,1028,100,1017,19,280,23,343,21,316
474,63,10,67,11,1.2,1.2,1.2,1.2,1.2,,1.16,1.16,1.16,1.16,1.18,,,,66.29,767,66.49,768,66.67,766,66.58,765,66.78,766,66.78,764,13,38,15,46,14,42
475,30,7,36,8,1.2,1.2,1.2,1.2,1.6,,1.19,1.2,1.19,1.18,1.23,,69.6,9.4,34.39,304,33.83,297,34.67,294,35.07,296,34.84,286,45.65,273,2,12,2,14,2,8
,,,,,,,,,,,,,,,,,,,,,,,,,,,,,,,,,,,,
,,,,,,,,,,,,,,,,,,,,,,,,,,,,,,,,,,,,
,,,,,,,,,,,,,,,,,,,,,,,,,,,,,,,,,,,,
,,,,,,,,,,,,,,,,,,,,,,,,,,,,,,,,,,,,
,,,,,,,,,,,,,,,,,,,,,,,,,,,,,,,,,,,,
,,,,,,,,,,,,,,,,,,,,,,,,,,,,,,,,,,,,
,,,,,,,,,,,,,,,,,,,,,,,,,,,,,,,,,,,,
,,,,,,,,,,,,,,,,,,,,,,,,,,,,,,,,,,,,
,,,,,,,,,,,,,,,,,,,,,,,,,,,,,,,,,,,,
,,,,,,,,,,,,,,,,,,,,,,,,,,,,,,,,,,,,
,,,,,,,,,,,,,,,,,,,,,,,,,,,,,,,,,,,,
,,,,,,,,,,,,,,,,,,,,,,,,,,,,,,,,,,,,
,,,,,,,,,,,,,,,,,,,,,,,,,,,,,,,,,,,,
,,,,,,,,,,,,,,,,,,,,,,,,,,,,,,,,,,,,
,,,,,,,,,,,,,,,,,,,,,,,,,,,,,,,,,,,,
,,,,,,,,,,,,,,,,,,,,,,,,,,,,,,,,,,,,
,,,,,,,,,,,,,,,,,,,,,,,,,,,,,,,,,,,,
,,,,,,,,,,,,,,,,,,,,,,,,,,,,,,,,,,,,
,,,,,,,,,,,,,,,,,,,,,,,,,,,,,,,,,,,,
,,,,,,,,,,,,,,,,,,,,,,,,,,,,,,,,,,,,
,,,,,,,,,,,,,,,,,,,,,,,,,,,,,,,,,,,,
,,,,,,,,,,,,,,,,,,,,,,,,,,,,,,,,,,,,
,,,,,,,,,,,,,,,,,,,,,,,,,,,,,,,,,,,,
,,,,,,,,,,,,,,,,,,,,,,,,,,,,,,,,,,,,
,,,,,,,,,,,,,,,,,,,,,,,,,,,,,,,,,,,,
,,,,,,,,,,,,,,,,,,,,,,,,,,,,,,,,,,,,
,,,,,,,,,,,,,,,,,,,,,,,,,,,,,,,,,,,,
,,,,,,,,,,,,,,,,,,,,,,,,,,,,,,,,,,,,
,,,,,,,,,,,,,,,,,,,,,,,,,,,,,,,,,,,,
,,,,,,,,,,,,,,,,,,,,,,,,,,,,,,,,,,,,
,,,,,,,,,,,,,,,,,,,,,,,,,,,,,,,,,,,,
,,,,,,,,,,,,,,,,,,,,,,,,,,,,,,,,,,,,
,,,,,,,,,,,,,,,,,,,,,,,,,,,,,,,,,,,,
,,,,,,,,,,,,,,,,,,,,,,,,,,,,,,,,,,,,
,,,,,,,,,,,,,,,,,,,,,,,,,,,,,,,,,,,,
,,,,,,,,,,,,,,,,,,,,,,,,,,,,,,,,,,,,
,,,,,,,,,,,,,,,,,,,,,,,,,,,,,,,,,,,,
,,,,,,,,,,,,,,,,,,,,,,,,,,,,,,,,,,,,
,,,,,,,,,,,,,,,,,,,,,,,,,,,,,,,,,,,,
,,,,,,,,,,,,,,,,,,,,,,,,,,,,,,,,,,,,
,,,,,,,,,,,,,,,,,,,,,,,,,,,,,,,,,,,,
,,,,,,,,,,,,,,,,,,,,,,,,,,,,,,,,,,,,
,,,,,,,,,,,,,,,,,,,,,,,,,,,,,,,,,,,,
,,,,,,,,,,,,,,,,,,,,,,,,,,,,,,,,,,,,
,,,,,,,,,,,,,,,,,,,,,,,,,,,,,,,,,,,,
,,,,,,,,,,,,,,,,,,,,,,,,,,,,,,,,,,,,
,,,,,,,,,,,,,,,,,,,,,,,,,,,,,,,,,,,,
,,,,,,,,,,,,,,,,,,,,,,,,,,,,,,,,,,,,
,,,,,,,,,,,,,,,,,,,,,,,,,,,,,,,,,,,,
,,,,,,,,,,,,,,,,,,,,,,,,,,,,,,,,,,,,
,,,,,,,,,,,,,,,,,,,,,,,,,,,,,,,,,,,,
,,,,,,,,,,,,,,,,,,,,,,,,,,,,,,,,,,,,
,,,,,,,,,,,,,,,,,,,,,,,,,,,,,,,,,,,,
,,,,,,,,,,,,,,,,,,,,,,,,,,,,,,,,,,,,
,,,,,,,,,,,,,,,,,,,,,,,,,,,,,,,,,,,,
,,,,,,,,,,,,,,,,,,,,,,,,,,,,,,,,,,,,
,,,,,,,,,,,,,,,,,,,,,,,,,,,,,,,,,,,,
,,,,,,,,,,,,,,,,,,,,,,,,,,,,,,,,,,,,
,,,,,,,,,,,,,,,,,,,,,,,,,,,,,,,,,,,,
,,,,,,,,,,,,,,,,,,,,,,,,,,,,,,,,,,,,
,,,,,,,,,,,,,,,,,,,,,,,,,,,,,,,,,,,,
,,,,,,,,,,,,,,,,,,,,,,,,,,,,,,,,,,,,
,,,,,,,,,,,,,,,,,,,,,,,,,,,,,,,,,,,,
,,,,,,,,,,,,,,,,,,,,,,,,,,,,,,,,,,,,
,,,,,,,,,,,,,,,,,,,,,,,,,,,,,,,,,,,,
,,,,,,,,,,,,,,,,,,,,,,,,,,,,,,,,,,,,
,,,,,,,,,,,,,,,,,,,,,,,,,,,,,,,,,,,,
,,,,,,,,,,,,,,,,,,,,,,,,,,,,,,,,,,,,
,,,,,,,,,,,,,,,,,,,,,,,,,,,,,,,,,,,,
,,,,,,,,,,,,,,,,,,,,,,,,,,,,,,,,,,,,
,,,,,,,,,,,,,,,,,,,,,,,,,,,,,,,,,,,,
,,,,,,,,,,,,,,,,,,,,,,,,,,,,,,,,,,,,
,,,,,,,,,,,,,,,,,,,,,,,,,,,,,,,,,,,,
,,,,,,,,,,,,,,,,,,,,,,,,,,,,,,,,,,,,
,,,,,,,,,,,,,,,,,,,,,,,,,,,,,,,,,,,,
,,,,,,,,,,,,,,,,,,,,,,,,,,,,,,,,,,,,
,,,,,,,,,,,,,,,,,,,,,,,,,,,,,,,,,,,,
,,,,,,,,,,,,,,,,,,,,,,,,,,,,,,,,,,,,
,,,,,,,,,,,,,,,,,,,,,,,,,,,,,,,,,,,,
,,,,,,,,,,,,,,,,,,,,,,,,,,,,,,,,,,,,
,,,,,,,,,,,,,,,,,,,,,,,,,,,,,,,,,,,,
,,,,,,,,,,,,,,,,,,,,,,,,,,,,,,,,,,,,
,,,,,,,,,,,,,,,,,,,,,,,,,,,,,,,,,,,,
,,,,,,,,,,,,,,,,,,,,,,,,,,,,,,,,,,,,
,,,,,,,,,,,,,,,,,,,,,,,,,,,,,,,,,,,,
,,,,,,,,,,,,,,,,,,,,,,,,,,,,,,,,,,,,
,,,,,,,,,,,,,,,,,,,,,,,,,,,,,,,,,,,,
,,,,,,,,,,,,,,,,,,,,,,,,,,,,,,,,,,,,
,,,,,,,,,,,,,,,,,,,,,,,,,,,,,,,,,,,,
,,,,,,,,,,,,,,,,,,,,,,,,,,,,,,,,,,,,
,,,,,,,,,,,,,,,,,,,,,,,,,,,,,,,,,,,,
,,,,,,,,,,,,,,,,,,,,,,,,,,,,,,,,,,,,
,,,,,,,,,,,,,,,,,,,,,,,,,,,,,,,,,,,,
,,,,,,,,,,,,,,,,,,,,,,,,,,,,,,,,,,,,
,,,,,,,,,,,,,,,,,,,,,,,,,,,,,,,,,,,,
,,,,,,,,,,,,,,,,,,,,,,,,,,,,,,,,,,,,
,,,,,,,,,,,,,,,,,,,,,,,,,,,,,,,,,,,,
,,,,,,,,,,,,,,,,,,,,,,,,,,,,,,,,,,,,
,,,,,,,,,,,,,,,,,,,,,,,,,,,,,,,,,,,,
,,,,,,,,,,,,,,,,,,,,,,,,,,,,,,,,,,,,
,,,,,,,,,,,,,,,,,,,,,,,,,,,,,,,,,,,,
,,,,,,,,,,,,,,,,,,,,,,,,,,,,,,,,,,,,
,,,,,,,,,,,,,,,,,,,,,,,,,,,,,,,,,,,,
,,,,,,,,,,,,,,,,,,,,,,,,,,,,,,,,,,,,
,,,,,,,,,,,,,,,,,,,,,,,,,,,,,,,,,,,,
,,,,,,,,,,,,,,,,,,,,,,,,,,,,,,,,,,,,
,,,,,,,,,,,,,,,,,,,,,,,,,,,,,,,,,,,,
,,,,,,,,,,,,,,,,,,,,,,,,,,,,,,,,,,,,
,,,,,,,,,,,,,,,,,,,,,,,,,,,,,,,,,,,,
,,,,,,,,,,,,,,,,,,,,,,,,,,,,,,,,,,,,
,,,,,,,,,,,,,,,,,,,,,,,,,,,,,,,,,,,,
,,,,,,,,,,,,,,,,,,,,,,,,,,,,,,,,,,,,
,,,,,,,,,,,,,,,,,,,,,,,,,,,,,,,,,,,,
,,,,,,,,,,,,,,,,,,,,,,,,,,,,,,,,,,,,
,,,,,,,,,,,,,,,,,,,,,,,,,,,,,,,,,,,,
,,,,,,,,,,,,,,,,,,,,,,,,,,,,,,,,,,,,
,,,,,,,,,,,,,,,,,,,,,,,,,,,,,,,,,,,,
,,,,,,,,,,,,,,,,,,,,,,,,,,,,,,,,,,,,
,,,,,,,,,,,,,,,,,,,,,,,,,,,,,,,,,,,,
,,,,,,,,,,,,,,,,,,,,,,,,,,,,,,,,,,,,
,,,,,,,,,,,,,,,,,,,,,,,,,,,,,,,,,,,,
,,,,,,,,,,,,,,,,,,,,,,,,,,,,,,,,,,,,
,,,,,,,,,,,,,,,,,,,,,,,,,,,,,,,,,,,,
,,,,,,,,,,,,,,,,,,,,,,,,,,,,,,,,,,,,
,,,,,,,,,,,,,,,,,,,,,,,,,,,,,,,,,,,,
,,,,,,,,,,,,,,,,,,,,,,,,,,,,,,,,,,,,
,,,,,,,,,,,,,,,,,,,,,,,,,,,,,,,,,,,,
,,,,,,,,,,,,,,,,,,,,,,,,,,,,,,,,,,,,
,,,,,,,,,,,,,,,,,,,,,,,,,,,,,,,,,,,,
,,,,,,,,,,,,,,,,,,,,,,,,,,,,,,,,,,,,
,,,,,,,,,,,,,,,,,,,,,,,,,,,,,,,,,,,,
,,,,,,,,,,,,,,,,,,,,,,,,,,,,,,,,,,,,
,,,,,,,,,,,,,,,,,,,,,,,,,,,,,,,,,,,,
,,,,,,,,,,,,,,,,,,,,,,,,,,,,,,,,,,,,
,,,,,,,,,,,,,,,,,,,,,,,,,,,,,,,,,,,,
,,,,,,,,,,,,,,,,,,,,,,,,,,,,,,,,,,,,
,,,,,,,,,,,,,,,,,,,,,,,,,,,,,,,,,,,,
,,,,,,,,,,,,,,,,,,,,,,,,,,,,,,,,,,,,
,,,,,,,,,,,,,,,,,,,,,,,,,,,,,,,,,,,,
,,,,,,,,,,,,,,,,,,,,,,,,,,,,,,,,,,,,
,,,,,,,,,,,,,,,,,,,,,,,,,,,,,,,,,,,,
,,,,,,,,,,,,,,,,,,,,,,,,,,,,,,,,,,,,
,,,,,,,,,,,,,,,,,,,,,,,,,,,,,,,,,,,,
,,,,,,,,,,,,,,,,,,,,,,,,,,,,,,,,,,,,
,,,,,,,,,,,,,,,,,,,,,,,,,,,,,,,,,,,,
,,,,,,,,,,,,,,,,,,,,,,,,,,,,,,,,,,,,
,,,,,,,,,,,,,,,,,,,,,,,,,,,,,,,,,,,,
,,,,,,,,,,,,,,,,,,,,,,,,,,,,,,,,,,,,
,,,,,,,,,,,,,,,,,,,,,,,,,,,,,,,,,,,,
,,,,,,,,,,,,,,,,,,,,,,,,,,,,,,,,,,,,
,,,,,,,,,,,,,,,,,,,,,,,,,,,,,,,,,,,,
,,,,,,,,,,,,,,,,,,,,,,,,,,,,,,,,,,,,
,,,,,,,,,,,,,,,,,,,,,,,,,,,,,,,,,,,,
,,,,,,,,,,,,,,,,,,,,,,,,,,,,,,,,,,,,
,,,,,,,,,,,,,,,,,,,,,,,,,,,,,,,,,,,,
,,,,,,,,,,,,,,,,,,,,,,,,,,,,,,,,,,,,
,,,,,,,,,,,,,,,,,,,,,,,,,,,,,,,,,,,,
,,,,,,,,,,,,,,,,,,,,,,,,,,,,,,,,,,,,
,,,,,,,,,,,,,,,,,,,,,,,,,,,,,,,,,,,,
,,,,,,,,,,,,,,,,,,,,,,,,,,,,,,,,,,,,
,,,,,,,,,,,,,,,,,,,,,,,,,,,,,,,,,,,,
,,,,,,,,,,,,,,,,,,,,,,,,,,,,,,,,,,,,
,,,,,,,,,,,,,,,,,,,,,,,,,,,,,,,,,,,,
,,,,,,,,,,,,,,,,,,,,,,,,,,,,,,,,,,,,
,,,,,,,,,,,,,,,,,,,,,,,,,,,,,,,,,,,,
,,,,,,,,,,,,,,,,,,,,,,,,,,,,,,,,,,,,
,,,,,,,,,,,,,,,,,,,,,,,,,,,,,,,,,,,,
,,,,,,,,,,,,,,,,,,,,,,,,,,,,,,,,,,,,
,,,,,,,,,,,,,,,,,,,,,,,,,,,,,,,,,,,,
,,,,,,,,,,,,,,,,,,,,,,,,,,,,,,,,,,,,
,,,,,,,,,,,,,,,,,,,,,,,,,,,,,,,,,,,,
,,,,,,,,,,,,,,,,,,,,,,,,,,,,,,,,,,,,
,,,,,,,,,,,,,,,,,,,,,,,,,,,,,,,,,,,,
,,,,,,,,,,,,,,,,,,,,,,,,,,,,,,,,,,,,
,,,,,,,,,,,,,,,,,,,,,,,,,,,,,,,,,,,,
,,,,,,,,,,,,,,,,,,,,,,,,,,,,,,,,,,,,
,,,,,,,,,,,,,,,,,,,,,,,,,,,,,,,,,,,,
,,,,,,,,,,,,,,,,,,,,,,,,,,,,,,,,,,,,
,,,,,,,,,,,,,,,,,,,,,,,,,,,,,,,,,,,,
,,,,,,,,,,,,,,,,,,,,,,,,,,,,,,,,,,,,
,,,,,,,,,,,,,,,,,,,,,,,,,,,,,,,,,,,,
,,,,,,,,,,,,,,,,,,,,,,,,,,,,,,,,,,,,
,,,,,,,,,,,,,,,,,,,,,,,,,,,,,,,,,,,,
,,,,,,,,,,,,,,,,,,,,,,,,,,,,,,,,,,,,
,,,,,,,,,,,,,,,,,,,,,,,,,,,,,,,,,,,,
,,,,,,,,,,,,,,,,,,,,,,,,,,,,,,,,,,,,
,,,,,,,,,,,,,,,,,,,,,,,,,,,,,,,,,,,,
,,,,,,,,,,,,,,,,,,,,,,,,,,,,,,,,,,,,
,,,,,,,,,,,,,,,,,,,,,,,,,,,,,,,,,,,,
,,,,,,,,,,,,,,,,,,,,,,,,,,,,,,,,,,,,
,,,,,,,,,,,,,,,,,,,,,,,,,,,,,,,,,,,,
,,,,,,,,,,,,,,,,,,,,,,,,,,,,,,,,,,,,
,,,,,,,,,,,,,,,,,,,,,,,,,,,,,,,,,,,,
,,,,,,,,,,,,,,,,,,,,,,,,,,,,,,,,,,,,
,,,,,,,,,,,,,,,,,,,,,,,,,,,,,,,,,,,,
,,,,,,,,,,,,,,,,,,,,,,,,,,,,,,,,,,,,
,,,,,,,,,,,,,,,,,,,,,,,,,,,,,,,,,,,,
,,,,,,,,,,,,,,,,,,,,,,,,,,,,,,,,,,,,
,,,,,,,,,,,,,,,,,,,,,,,,,,,,,,,,,,,,
,,,,,,,,,,,,,,,,,,,,,,,,,,,,,,,,,,,,
,,,,,,,,,,,,,,,,,,,,,,,,,,,,,,,,,,,,
,,,,,,,,,,,,,,,,,,,,,,,,,,,,,,,,,,,,
,,,,,,,,,,,,,,,,,,,,,,,,,,,,,,,,,,,,
,,,,,,,,,,,,,,,,,,,,,,,,,,,,,,,,,,,,
,,,,,,,,,,,,,,,,,,,,,,,,,,,,,,,,,,,,
,,,,,,,,,,,,,,,,,,,,,,,,,,,,,,,,,,,,
,,,,,,,,,,,,,,,,,,,,,,,,,,,,,,,,,,,,
,,,,,,,,,,,,,,,,,,,,,,,,,,,,,,,,,,,,
,,,,,,,,,,,,,,,,,,,,,,,,,,,,,,,,,,,,
,,,,,,,,,,,,,,,,,,,,,,,,,,,,,,,,,,,,
,,,,,,,,,,,,,,,,,,,,,,,,,,,,,,,,,,,,
,,,,,,,,,,,,,,,,,,,,,,,,,,,,,,,,,,,,
,,,,,,,,,,,,,,,,,,,,,,,,,,,,,,,,,,,,
,,,,,,,,,,,,,,,,,,,,,,,,,,,,,,,,,,,,
,,,,,,,,,,,,,,,,,,,,,,,,,,,,,,,,,,,,
,,,,,,,,,,,,,,,,,,,,,,,,,,,,,,,,,,,,
,,,,,,,,,,,,,,,,,,,,,,,,,,,,,,,,,,,,
,,,,,,,,,,,,,,,,,,,,,,,,,,,,,,,,,,,,
,,,,,,,,,,,,,,,,,,,,,,,,,,,,,,,,,,,,
,,,,,,,,,,,,,,,,,,,,,,,,,,,,,,,,,,,,
,,,,,,,,,,,,,,,,,,,,,,,,,,,,,,,,,,,,
,,,,,,,,,,,,,,,,,,,,,,,,,,,,,,,,,,,,
,,,,,,,,,,,,,,,,,,,,,,,,,,,,,,,,,,,,
,,,,,,,,,,,,,,,,,,,,,,,,,,,,,,,,,,,,
,,,,,,,,,,,,,,,,,,,,,,,,,,,,,,,,,,,,
,,,,,,,,,,,,,,,,,,,,,,,,,,,,,,,,,,,,
,,,,,,,,,,,,,,,,,,,,,,,,,,,,,,,,,,,,
,,,,,,,,,,,,,,,,,,,,,,,,,,,,,,,,,,,,
,,,,,,,,,,,,,,,,,,,,,,,,,,,,,,,,,,,,
,,,,,,,,,,,,,,,,,,,,,,,,,,,,,,,,,,,,
,,,,,,,,,,,,,,,,,,,,,,,,,,,,,,,,,,,,
,,,,,,,,,,,,,,,,,,,,,,,,,,,,,,,,,,,,
,,,,,,,,,,,,,,,,,,,,,,,,,,,,,,,,,,,,
,,,,,,,,,,,,,,,,,,,,,,,,,,,,,,,,,,,,
,,,,,,,,,,,,,,,,,,,,,,,,,,,,,,,,,,,,
,,,,,,,,,,,,,,,,,,,,,,,,,,,,,,,,,,,,
,,,,,,,,,,,,,,,,,,,,,,,,,,,,,,,,,,,,
,,,,,,,,,,,,,,,,,,,,,,,,,,,,,,,,,,,,
,,,,,,,,,,,,,,,,,,,,,,,,,,,,,,,,,,,,
,,,,,,,,,,,,,,,,,,,,,,,,,,,,,,,,,,,,
,,,,,,,,,,,,,,,,,,,,,,,,,,,,,,,,,,,,
,,,,,,,,,,,,,,,,,,,,,,,,,,,,,,,,,,,,
,,,,,,,,,,,,,,,,,,,,,,,,,,,,,,,,,,,,
,,,,,,,,,,,,,,,,,,,,,,,,,,,,,,,,,,,,
,,,,,,,,,,,,,,,,,,,,,,,,,,,,,,,,,,,,
,,,,,,,,,,,,,,,,,,,,,,,,,,,,,,,,,,,,
,,,,,,,,,,,,,,,,,,,,,,,,,,,,,,,,,,,,
,,,,,,,,,,,,,,,,,,,,,,,,,,,,,,,,,,,,
,,,,,,,,,,,,,,,,,,,,,,,,,,,,,,,,,,,,
,,,,,,,,,,,,,,,,,,,,,,,,,,,,,,,,,,,,
,,,,,,,,,,,,,,,,,,,,,,,,,,,,,,,,,,,,
,,,,,,,,,,,,,,,,,,,,,,,,,,,,,,,,,,,,
,,,,,,,,,,,,,,,,,,,,,,,,,,,,,,,,,,,,
,,,,,,,,,,,,,,,,,,,,,,,,,,,,,,,,,,,,
,,,,,,,,,,,,,,,,,,,,,,,,,,,,,,,,,,,,
,,,,,,,,,,,,,,,,,,,,,,,,,,,,,,,,,,,,
,,,,,,,,,,,,,,,,,,,,,,,,,,,,,,,,,,,,
,,,,,,,,,,,,,,,,,,,,,,,,,,,,,,,,,,,,
,,,,,,,,,,,,,,,,,,,,,,,,,,,,,,,,,,,,
,,,,,,,,,,,,,,,,,,,,,,,,,,,,,,,,,,,,
,,,,,,,,,,,,,,,,,,,,,,,,,,,,,,,,,,,,
,,,,,,,,,,,,,,,,,,,,,,,,,,,,,,,,,,,,
,,,,,,,,,,,,,,,,,,,,,,,,,,,,,,,,,,,,
,,,,,,,,,,,,,,,,,,,,,,,,,,,,,,,,,,,,
,,,,,,,,,,,,,,,,,,,,,,,,,,,,,,,,,,,,
,,,,,,,,,,,,,,,,,,,,,,,,,,,,,,,,,,,,
,,,,,,,,,,,,,,,,,,,,,,,,,,,,,,,,,,,,
,,,,,,,,,,,,,,,,,,,,,,,,,,,,,,,,,,,,
,,,,,,,,,,,,,,,,,,,,,,,,,,,,,,,,,,,,
,,,,,,,,,,,,,,,,,,,,,,,,,,,,,,,,,,,,
,,,,,,,,,,,,,,,,,,,,,,,,,,,,,,,,,,,,
,,,,,,,,,,,,,,,,,,,,,,,,,,,,,,,,,,,,
,,,,,,,,,,,,,,,,,,,,,,,,,,,,,,,,,,,,
,,,,,,,,,,,,,,,,,,,,,,,,,,,,,,,,,,,,
,,,,,,,,,,,,,,,,,,,,,,,,,,,,,,,,,,,,
,,,,,,,,,,,,,,,,,,,,,,,,,,,,,,,,,,,,
,,,,,,,,,,,,,,,,,,,,,,,,,,,,,,,,,,,,
,,,,,,,,,,,,,,,,,,,,,,,,,,,,,,,,,,,,
,,,,,,,,,,,,,,,,,,,,,,,,,,,,,,,,,,,,
,,,,,,,,,,,,,,,,,,,,,,,,,,,,,,,,,,,,
,,,,,,,,,,,,,,,,,,,,,,,,,,,,,,,,,,,,
,,,,,,,,,,,,,,,,,,,,,,,,,,,,,,,,,,,,
,,,,,,,,,,,,,,,,,,,,,,,,,,,,,,,,,,,,
,,,,,,,,,,,,,,,,,,,,,,,,,,,,,,,,,,,,
,,,,,,,,,,,,,,,,,,,,,,,,,,,,,,,,,,,,
,,,,,,,,,,,,,,,,,,,,,,,,,,,,,,,,,,,,
,,,,,,,,,,,,,,,,,,,,,,,,,,,,,,,,,,,,
,,,,,,,,,,,,,,,,,,,,,,,,,,,,,,,,,,,,
,,,,,,,,,,,,,,,,,,,,,,,,,,,,,,,,,,,,
,,,,,,,,,,,,,,,,,,,,,,,,,,,,,,,,,,,,
,,,,,,,,,,,,,,,,,,,,,,,,,,,,,,,,,,,,
,,,,,,,,,,,,,,,,,,,,,,,,,,,,,,,,,,,,
,,,,,,,,,,,,,,,,,,,,,,,,,,,,,,,,,,,,
,,,,,,,,,,,,,,,,,,,,,,,,,,,,,,,,,,,,
,,,,,,,,,,,,,,,,,,,,,,,,,,,,,,,,,,,,
,,,,,,,,,,,,,,,,,,,,,,,,,,,,,,,,,,,,
,,,,,,,,,,,,,,,,,,,,,,,,,,,,,,,,,,,,
,,,,,,,,,,,,,,,,,,,,,,,,,,,,,,,,,,,,
,,,,,,,,,,,,,,,,,,,,,,,,,,,,,,,,,,,,
,,,,,,,,,,,,,,,,,,,,,,,,,,,,,,,,,,,,
,,,,,,,,,,,,,,,,,,,,,,,,,,,,,,,,,,,,
,,,,,,,,,,,,,,,,,,,,,,,,,,,,,,,,,,,,
,,,,,,,,,,,,,,,,,,,,,,,,,,,,,,,,,,,,
,,,,,,,,,,,,,,,,,,,,,,,,,,,,,,,,,,,,
,,,,,,,,,,,,,,,,,,,,,,,,,,,,,,,,,,,,
,,,,,,,,,,,,,,,,,,,,,,,,,,,,,,,,,,,,
,,,,,,,,,,,,,,,,,,,,,,,,,,,,,,,,,,,,
,,,,,,,,,,,,,,,,,,,,,,,,,,,,,,,,,,,,
,,,,,,,,,,,,,,,,,,,,,,,,,,,,,,,,,,,,
,,,,,,,,,,,,,,,,,,,,,,,,,,,,,,,,,,,,
,,,,,,,,,,,,,,,,,,,,,,,,,,,,,,,,,,,,
,,,,,,,,,,,,,,,,,,,,,,,,,,,,,,,,,,,,
,,,,,,,,,,,,,,,,,,,,,,,,,,,,,,,,,,,,
,,,,,,,,,,,,,,,,,,,,,,,,,,,,,,,,,,,,
,,,,,,,,,,,,,,,,,,,,,,,,,,,,,,,,,,,,
,,,,,,,,,,,,,,,,,,,,,,,,,,,,,,,,,,,,
,,,,,,,,,,,,,,,,,,,,,,,,,,,,,,,,,,,,
,,,,,,,,,,,,,,,,,,,,,,,,,,,,,,,,,,,,
,,,,,,,,,,,,,,,,,,,,,,,,,,,,,,,,,,,,
,,,,,,,,,,,,,,,,,,,,,,,,,,,,,,,,,,,,
,,,,,,,,,,,,,,,,,,,,,,,,,,,,,,,,,,,,
,,,,,,,,,,,,,,,,,,,,,,,,,,,,,,,,,,,,
,,,,,,,,,,,,,,,,,,,,,,,,,,,,,,,,,,,,
,,,,,,,,,,,,,,,,,,,,,,,,,,,,,,,,,,,,
,,,,,,,,,,,,,,,,,,,,,,,,,,,,,,,,,,,,
,,,,,,,,,,,,,,,,,,,,,,,,,,,,,,,,,,,,
,,,,,,,,,,,,,,,,,,,,,,,,,,,,,,,,,,,,
,,,,,,,,,,,,,,,,,,,,,,,,,,,,,,,,,,,,
,,,,,,,,,,,,,,,,,,,,,,,,,,,,,,,,,,,,
,,,,,,,,,,,,,,,,,,,,,,,,,,,,,,,,,,,,
,,,,,,,,,,,,,,,,,,,,,,,,,,,,,,,,,,,,
,,,,,,,,,,,,,,,,,,,,,,,,,,,,,,,,,,,,
,,,,,,,,,,,,,,,,,,,,,,,,,,,,,,,,,,,,
,,,,,,,,,,,,,,,,,,,,,,,,,,,,,,,,,,,,
,,,,,,,,,,,,,,,,,,,,,,,,,,,,,,,,,,,,
,,,,,,,,,,,,,,,,,,,,,,,,,,,,,,,,,,,,
,,,,,,,,,,,,,,,,,,,,,,,,,,,,,,,,,,,,
,,,,,,,,,,,,,,,,,,,,,,,,,,,,,,,,,,,,
,,,,,,,,,,,,,,,,,,,,,,,,,,,,,,,,,,,,
,,,,,,,,,,,,,,,,,,,,,,,,,,,,,,,,,,,,
,,,,,,,,,,,,,,,,,,,,,,,,,,,,,,,,,,,,
,,,,,,,,,,,,,,,,,,,,,,,,,,,,,,,,,,,,
,,,,,,,,,,,,,,,,,,,,,,,,,,,,,,,,,,,,
,,,,,,,,,,,,,,,,,,,,,,,,,,,,,,,,,,,,
,,,,,,,,,,,,,,,,,,,,,,,,,,,,,,,,,,,,
,,,,,,,,,,,,,,,,,,,,,,,,,,,,,,,,,,,,
,,,,,,,,,,,,,,,,,,,,,,,,,,,,,,,,,,,,
,,,,,,,,,,,,,,,,,,,,,,,,,,,,,,,,,,,,
,,,,,,,,,,,,,,,,,,,,,,,,,,,,,,,,,,,,
,,,,,,,,,,,,,,,,,,,,,,,,,,,,,,,,,,,,
,,,,,,,,,,,,,,,,,,,,,,,,,,,,,,,,,,,,
,,,,,,,,,,,,,,,,,,,,,,,,,,,,,,,,,,,,
,,,,,,,,,,,,,,,,,,,,,,,,,,,,,,,,,,,,
,,,,,,,,,,,,,,,,,,,,,,,,,,,,,,,,,,,,
,,,,,,,,,,,,,,,,,,,,,,,,,,,,,,,,,,,,
,,,,,,,,,,,,,,,,,,,,,,,,,,,,,,,,,,,,
,,,,,,,,,,,,,,,,,,,,,,,,,,,,,,,,,,,,
,,,,,,,,,,,,,,,,,,,,,,,,,,,,,,,,,,,,
,,,,,,,,,,,,,,,,,,,,,,,,,,,,,,,,,,,,
,,,,,,,,,,,,,,,,,,,,,,,,,,,,,,,,,,,,
,,,,,,,,,,,,,,,,,,,,,,,,,,,,,,,,,,,,
,,,,,,,,,,,,,,,,,,,,,,,,,,,,,,,,,,,,
,,,,,,,,,,,,,,,,,,,,,,,,,,,,,,,,,,,,
,,,,,,,,,,,,,,,,,,,,,,,,,,,,,,,,,,,,
,,,,,,,,,,,,,,,,,,,,,,,,,,,,,,,,,,,,
,,,,,,,,,,,,,,,,,,,,,,,,,,,,,,,,,,,,
,,,,,,,,,,,,,,,,,,,,,,,,,,,,,,,,,,,,
,,,,,,,,,,,,,,,,,,,,,,,,,,,,,,,,,,,,
,,,,,,,,,,,,,,,,,,,,,,,,,,,,,,,,,,,,
,,,,,,,,,,,,,,,,,,,,,,,,,,,,,,,,,,,,
,,,,,,,,,,,,,,,,,,,,,,,,,,,,,,,,,,,,
,,,,,,,,,,,,,,,,,,,,,,,,,,,,,,,,,,,,
,,,,,,,,,,,,,,,,,,,,,,,,,,,,,,,,,,,,
,,,,,,,,,,,,,,,,,,,,,,,,,,,,,,,,,,,,
,,,,,,,,,,,,,,,,,,,,,,,,,,,,,,,,,,,,
,,,,,,,,,,,,,,,,,,,,,,,,,,,,,,,,,,,,
,,,,,,,,,,,,,,,,,,,,,,,,,,,,,,,,,,,,
,,,,,,,,,,,,,,,,,,,,,,,,,,,,,,,,,,,,
,,,,,,,,,,,,,,,,,,,,,,,,,,,,,,,,,,,,
,,,,,,,,,,,,,,,,,,,,,,,,,,,,,,,,,,,,
,,,,,,,,,,,,,,,,,,,,,,,,,,,,,,,,,,,,
,,,,,,,,,,,,,,,,,,,,,,,,,,,,,,,,,,,,
,,,,,,,,,,,,,,,,,,,,,,,,,,,,,,,,,,,,
,,,,,,,,,,,,,,,,,,,,,,,,,,,,,,,,,,,,
,,,,,,,,,,,,,,,,,,,,,,,,,,,,,,,,,,,,
,,,,,,,,,,,,,,,,,,,,,,,,,,,,,,,,,,,,
,,,,,,,,,,,,,,,,,,,,,,,,,,,,,,,,,,,,
,,,,,,,,,,,,,,,,,,,,,,,,,,,,,,,,,,,,
,,,,,,,,,,,,,,,,,,,,,,,,,,,,,,,,,,,,
,,,,,,,,,,,,,,,,,,,,,,,,,,,,,,,,,,,,
,,,,,,,,,,,,,,,,,,,,,,,,,,,,,,,,,,,,
,,,,,,,,,,,,,,,,,,,,,,,,,,,,,,,,,,,,
,,,,,,,,,,,,,,,,,,,,,,,,,,,,,,,,,,,,
,,,,,,,,,,,,,,,,,,,,,,,,,,,,,,,,,,,,
,,,,,,,,,,,,,,,,,,,,,,,,,,,,,,,,,,,,
,,,,,,,,,,,,,,,,,,,,,,,,,,,,,,,,,,,,
,,,,,,,,,,,,,,,,,,,,,,,,,,,,,,,,,,,,
,,,,,,,,,,,,,,,,,,,,,,,,,,,,,,,,,,,,
,,,,,,,,,,,,,,,,,,,,,,,,,,,,,,,,,,,,
,,,,,,,,,,,,,,,,,,,,,,,,,,,,,,,,,,,,
,,,,,,,,,,,,,,,,,,,,,,,,,,,,,,,,,,,,
,,,,,,,,,,,,,,,,,,,,,,,,,,,,,,,,,,,,
,,,,,,,,,,,,,,,,,,,,,,,,,,,,,,,,,,,,
,,,,,,,,,,,,,,,,,,,,,,,,,,,,,,,,,,,,
,,,,,,,,,,,,,,,,,,,,,,,,,,,,,,,,,,,,
,,,,,,,,,,,,,,,,,,,,,,,,,,,,,,,,,,,,
,,,,,,,,,,,,,,,,,,,,,,,,,,,,,,,,,,,,
,,,,,,,,,,,,,,,,,,,,,,,,,,,,,,,,,,,,
,,,,,,,,,,,,,,,,,,,,,,,,,,,,,,,,,,,,
,,,,,,,,,,,,,,,,,,,,,,,,,,,,,,,,,,,,
,,,,,,,,,,,,,,,,,,,,,,,,,,,,,,,,,,,,
,,,,,,,,,,,,,,,,,,,,,,,,,,,,,,,,,,,,
,,,,,,,,,,,,,,,,,,,,,,,,,,,,,,,,,,,,
,,,,,,,,,,,,,,,,,,,,,,,,,,,,,,,,,,,,
,,,,,,,,,,,,,,,,,,,,,,,,,,,,,,,,,,,,
,,,,,,,,,,,,,,,,,,,,,,,,,,,,,,,,,,,,
,,,,,,,,,,,,,,,,,,,,,,,,,,,,,,,,,,,,
,,,,,,,,,,,,,,,,,,,,,,,,,,,,,,,,,,,,
,,,,,,,,,,,,,,,,,,,,,,,,,,,,,,,,,,,,
,,,,,,,,,,,,,,,,,,,,,,,,,,,,,,,,,,,,
,,,,,,,,,,,,,,,,,,,,,,,,,,,,,,,,,,,,
,,,,,,,,,,,,,,,,,,,,,,,,,,,,,,,,,,,,
,,,,,,,,,,,,,,,,,,,,,,,,,,,,,,,,,,,,
,,,,,,,,,,,,,,,,,,,,,,,,,,,,,,,,,,,,
,,,,,,,,,,,,,,,,,,,,,,,,,,,,,,,,,,,,
,,,,,,,,,,,,,,,,,,,,,,,,,,,,,,,,,,,,
,,,,,,,,,,,,,,,,,,,,,,,,,,,,,,,,,,,,
,,,,,,,,,,,,,,,,,,,,,,,,,,,,,,,,,,,,
,,,,,,,,,,,,,,,,,,,,,,,,,,,,,,,,,,,,
,,,,,,,,,,,,,,,,,,,,,,,,,,,,,,,,,,,,
,,,,,,,,,,,,,,,,,,,,,,,,,,,,,,,,,,,,
,,,,,,,,,,,,,,,,,,,,,,,,,,,,,,,,,,,,
,,,,,,,,,,,,,,,,,,,,,,,,,,,,,,,,,,,,
,,,,,,,,,,,,,,,,,,,,,,,,,,,,,,,,,,,,
,,,,,,,,,,,,,,,,,,,,,,,,,,,,,,,,,,,,
,,,,,,,,,,,,,,,,,,,,,,,,,,,,,,,,,,,,
,,,,,,,,,,,,,,,,,,,,,,,,,,,,,,,,,,,,
,,,,,,,,,,,,,,,,,,,,,,,,,,,,,,,,,,,,
,,,,,,,,,,,,,,,,,,,,,,,,,,,,,,,,,,,,
,,,,,,,,,,,,,,,,,,,,,,,,,,,,,,,,,,,,
,,,,,,,,,,,,,,,,,,,,,,,,,,,,,,,,,,,,
,,,,,,,,,,,,,,,,,,,,,,,,,,,,,,,,,,,,
,,,,,,,,,,,,,,,,,,,,,,,,,,,,,,,,,,,,
,,,,,,,,,,,,,,,,,,,,,,,,,,,,,,,,,,,,
,,,,,,,,,,,,,,,,,,,,,,,,,,,,,,,,,,,,
,,,,,,,,,,,,,,,,,,,,,,,,,,,,,,,,,,,,
,,,,,,,,,,,,,,,,,,,,,,,,,,,,,,,,,,,,
,,,,,,,,,,,,,,,,,,,,,,,,,,,,,,,,,,,,
,,,,,,,,,,,,,,,,,,,,,,,,,,,,,,,,,,,,
,,,,,,,,,,,,,,,,,,,,,,,,,,,,,,,,,,,,
,,,,,,,,,,,,,,,,,,,,,,,,,,,,,,,,,,,,
,,,,,,,,,,,,,,,,,,,,,,,,,,,,,,,,,,,,
,,,,,,,,,,,,,,,,,,,,,,,,,,,,,,,,,,,,
,,,,,,,,,,,,,,,,,,,,,,,,,,,,,,,,,,,,
,,,,,,,,,,,,,,,,,,,,,,,,,,,,,,,,,,,,
,,,,,,,,,,,,,,,,,,,,,,,,,,,,,,,,,,,,
,,,,,,,,,,,,,,,,,,,,,,,,,,,,,,,,,,,,
,,,,,,,,,,,,,,,,,,,,,,,,,,,,,,,,,,,,
,,,,,,,,,,,,,,,,,,,,,,,,,,,,,,,,,,,,
,,,,,,,,,,,,,,,,,,,,,,,,,,,,,,,,,,,,
,,,,,,,,,,,,,,,,,,,,,,,,,,,,,,,,,,,,
,,,,,,,,,,,,,,,,,,,,,,,,,,,,,,,,,,,,
,,,,,,,,,,,,,,,,,,,,,,,,,,,,,,,,,,,,
,,,,,,,,,,,,,,,,,,,,,,,,,,,,,,,,,,,,
,,,,,,,,,,,,,,,,,,,,,,,,,,,,,,,,,,,,
,,,,,,,,,,,,,,,,,,,,,,,,,,,,,,,,,,,,
,,,,,,,,,,,,,,,,,,,,,,,,,,,,,,,,,,,,
,,,,,,,,,,,,,,,,,,,,,,,,,,,,,,,,,,,,
,,,,,,,,,,,,,,,,,,,,,,,,,,,,,,,,,,,,
,,,,,,,,,,,,,,,,,,,,,,,,,,,,,,,,,,,,
,,,,,,,,,,,,,,,,,,,,,,,,,,,,,,,,,,,,
,,,,,,,,,,,,,,,,,,,,,,,,,,,,,,,,,,,,
,,,,,,,,,,,,,,,,,,,,,,,,,,,,,,,,,,,,
,,,,,,,,,,,,,,,,,,,,,,,,,,,,,,,,,,,,
,,,,,,,,,,,,,,,,,,,,,,,,,,,,,,,,,,,,
,,,,,,,,,,,,,,,,,,,,,,,,,,,,,,,,,,,,
,,,,,,,,,,,,,,,,,,,,,,,,,,,,,,,,,,,,
,,,,,,,,,,,,,,,,,,,,,,,,,,,,,,,,,,,,
,,,,,,,,,,,,,,,,,,,,,,,,,,,,,,,,,,,,
,,,,,,,,,,,,,,,,,,,,,,,,,,,,,,,,,,,,
,,,,,,,,,,,,,,,,,,,,,,,,,,,,,,,,,,,,
,,,,,,,,,,,,,,,,,,,,,,,,,,,,,,,,,,,,
,,,,,,,,,,,,,,,,,,,,,,,,,,,,,,,,,,,,
,,,,,,,,,,,,,,,,,,,,,,,,,,,,,,,,,,,,
,,,,,,,,,,,,,,,,,,,,,,,,,,,,,,,,,,,,
,,,,,,,,,,,,,,,,,,,,,,,,,,,,,,,,,,,,
,,,,,,,,,,,,,,,,,,,,,,,,,,,,,,,,,,,,
,,,,,,,,,,,,,,,,,,,,,,,,,,,,,,,,,,,,
,,,,,,,,,,,,,,,,,,,,,,,,,,,,,,,,,,,,
,,,,,,,,,,,,,,,,,,,,,,,,,,,,,,,,,,,,
,,,,,,,,,,,,,,,,,,,,,,,,,,,,,,,,,,,,
,,,,,,,,,,,,,,,,,,,,,,,,,,,,,,,,,,,,
,,,,,,,,,,,,,,,,,,,,,,,,,,,,,,,,,,,,
,,,,,,,,,,,,,,,,,,,,,,,,,,,,,,,,,,,,
,,,,,,,,,,,,,,,,,,,,,,,,,,,,,,,,,,,,
,,,,,,,,,,,,,,,,,,,,,,,,,,,,,,,,,,,,
,,,,,,,,,,,,,,,,,,,,,,,,,,,,,,,,,,,,
,,,,,,,,,,,,,,,,,,,,,,,,,,,,,,,,,,,,
,,,,,,,,,,,,,,,,,,,,,,,,,,,,,,,,,,,,
,,,,,,,,,,,,,,,,,,,,,,,,,,,,,,,,,,,,
,,,,,,,,,,,,,,,,,,,,,,,,,,,,,,,,,,,,
,,,,,,,,,,,,,,,,,,,,,,,,,,,,,,,,,,,,
,,,,,,,,,,,,,,,,,,,,,,,,,,,,,,,,,,,,
,,,,,,,,,,,,,,,,,,,,,,,,,,,,,,,,,,,,
,,,,,,,,,,,,,,,,,,,,,,,,,,,,,,,,,,,,
,,,,,,,,,,,,,,,,,,,,,,,,,,,,,,,,,,,,
,,,,,,,,,,,,,,,,,,,,,,,,,,,,,,,,,,,,
,,,,,,,,,,,,,,,,,,,,,,,,,,,,,,,,,,,,
,,,,,,,,,,,,,,,,,,,,,,,,,,,,,,,,,,,,
,,,,,,,,,,,,,,,,,,,,,,,,,,,,,,,,,,,,
,,,,,,,,,,,,,,,,,,,,,,,,,,,,,,,,,,,,
,,,,,,,,,,,,,,,,,,,,,,,,,,,,,,,,,,,,
,,,,,,,,,,,,,,,,,,,,,,,,,,,,,,,,,,,,
,,,,,,,,,,,,,,,,,,,,,,,,,,,,,,,,,,,,
,,,,,,,,,,,,,,,,,,,,,,,,,,,,,,,,,,,,
,,,,,,,,,,,,,,,,,,,,,,,,,,,,,,,,,,,,
,,,,,,,,,,,,,,,,,,,,,,,,,,,,,,,,,,,,
,,,,,,,,,,,,,,,,,,,,,,,,,,,,,,,,,,,,
,,,,,,,,,,,,,,,,,,,,,,,,,,,,,,,,,,,,
,,,,,,,,,,,,,,,,,,,,,,,,,,,,,,,,,,,,
,,,,,,,,,,,,,,,,,,,,,,,,,,,,,,,,,,,,
,,,,,,,,,,,,,,,,,,,,,,,,,,,,,,,,,,,,
,,,,,,,,,,,,,,,,,,,,,,,,,,,,,,,,,,,,
,,,,,,,,,,,,,,,,,,,,,,,,,,,,,,,,,,,,
,,,,,,,,,,,,,,,,,,,,,,,,,,,,,,,,,,,,
,,,,,,,,,,,,,,,,,,,,,,,,,,,,,,,,,,,,
,,,,,,,,,,,,,,,,,,,,,,,,,,,,,,,,,,,,
,,,,,,,,,,,,,,,,,,,,,,,,,,,,,,,,,,,,
,,,,,,,,,,,,,,,,,,,,,,,,,,,,,,,,,,,,
,,,,,,,,,,,,,,,,,,,,,,,,,,,,,,,,,,,,
,,,,,,,,,,,,,,,,,,,,,,,,,,,,,,,,,,,,
,,,,,,,,,,,,,,,,,,,,,,,,,,,,,,,,,,,,
,,,,,,,,,,,,,,,,,,,,,,,,,,,,,,,,,,,,
,,,,,,,,,,,,,,,,,,,,,,,,,,,,,,,,,,,,
,,,,,,,,,,,,,,,,,,,,,,,,,,,,,,,,,,,,
,,,,,,,,,,,,,,,,,,,,,,,,,,,,,,,,,,,,